tiempo(s),F_joint0,F_joint1,F_joint2,F_joint3,F_joint4,F_joint5,F_joint6,G-parcial(N)
0.005,0.000,0.000,0.000,0.000,0.000,0.000,0.000,0.000
0.016,0.000,0.000,0.000,0.000,0.000,0.000,0.000,0.000
0.026,0.000,0.000,0.000,0.000,0.000,0.000,0.000,0.000
0.036,0.000,0.000,0.000,0.000,0.000,0.000,0.000,0.000
0.047,0.000,0.000,0.000,0.000,0.000,0.000,0.000,0.000
0.057,0.000,0.000,0.000,0.000,0.000,0.000,0.000,0.000
0.067,0.000,0.000,0.000,0.000,0.000,0.000,0.000,0.000
0.077,0.000,0.000,0.000,0.000,0.000,0.000,0.000,0.000
0.088,0.000,0.000,0.000,0.000,0.000,0.000,0.000,0.000
0.098,0.000,0.000,0.000,0.000,0.000,0.000,0.000,0.000
0.108,0.000,0.000,0.000,0.000,0.000,0.000,0.000,0.000
0.118,0.000,0.000,0.000,0.000,0.000,0.000,0.000,0.000
0.129,0.000,0.000,0.000,0.000,0.000,0.000,0.000,0.000
0.139,0.000,0.000,0.000,0.000,0.000,0.000,0.000,0.000
0.149,0.000,0.000,0.000,0.000,0.000,0.000,0.000,0.000
0.159,0.000,0.000,0.000,0.000,0.000,0.000,0.000,0.000
0.170,0.000,0.000,0.000,0.000,0.000,0.000,0.000,0.000
0.180,0.000,0.000,0.000,0.000,0.000,0.000,0.000,0.000
0.190,0.000,0.000,0.000,0.000,0.000,0.000,0.000,0.000
0.200,0.000,0.000,0.000,0.000,0.000,0.000,0.000,0.000
0.211,0.000,0.000,0.000,0.000,0.000,0.000,0.000,0.000
0.221,0.000,0.000,0.000,0.000,0.000,0.000,0.000,0.000
0.231,0.000,0.000,0.000,0.000,0.000,0.000,0.000,0.000
0.242,0.000,0.000,0.000,0.000,0.000,0.000,0.000,0.000
0.252,0.000,0.000,0.000,0.000,0.000,0.000,0.000,0.000
0.262,0.000,0.000,0.000,0.000,0.000,0.000,0.000,0.000
0.272,0.000,0.000,0.000,0.000,0.000,0.000,0.000,0.000
0.283,0.000,0.000,0.000,0.000,0.000,0.000,0.000,0.000
0.293,0.000,0.000,0.000,0.000,0.000,0.000,0.000,0.000
0.303,0.000,0.000,0.000,0.000,0.000,0.000,0.000,0.000
0.313,0.000,0.000,0.000,0.000,0.000,0.000,0.000,0.000
0.323,0.000,0.000,0.000,0.000,0.000,0.000,0.000,0.000
0.334,0.000,0.000,0.000,0.000,0.000,0.000,0.000,0.000
0.344,0.000,0.000,0.000,0.000,0.000,0.000,0.000,0.000
0.354,0.000,0.000,0.000,0.000,0.000,0.000,0.000,0.000
0.365,0.000,0.000,0.000,0.000,0.000,0.000,0.000,0.000
0.375,0.000,0.000,0.000,0.000,0.000,0.000,0.000,0.000
0.385,0.000,0.000,0.000,0.000,0.000,0.000,0.000,0.000
0.395,0.000,0.000,0.000,0.000,0.000,0.000,0.000,0.000
0.406,0.000,0.000,0.000,0.000,0.000,0.000,0.000,0.000
0.416,0.000,0.000,0.000,0.000,0.000,0.000,0.000,0.000
0.427,0.000,0.000,0.000,0.000,0.000,0.000,0.000,0.000
0.437,0.000,0.000,0.000,0.000,0.000,0.000,0.000,0.000
0.448,0.000,0.000,0.000,0.000,0.000,0.000,0.000,0.000
0.458,0.000,0.000,0.000,0.000,0.000,0.000,0.000,0.000
0.468,0.000,0.000,0.000,0.000,0.000,0.000,0.000,0.000
0.479,0.000,0.000,0.000,0.000,0.000,0.000,0.000,0.000
0.489,0.000,0.000,0.000,0.000,0.000,0.000,0.000,0.000
0.500,0.000,0.000,0.000,0.000,0.000,0.000,0.000,0.000
0.510,0.000,0.000,0.000,0.000,0.000,0.000,0.000,0.000
0.521,0.000,0.000,0.000,0.000,0.000,0.000,0.000,0.000
0.531,0.000,0.000,0.000,0.000,0.000,0.000,0.000,0.000
0.542,0.000,0.000,0.000,0.000,0.000,0.000,0.000,0.000
0.552,0.000,0.000,0.000,0.000,0.000,0.000,0.000,0.000
0.563,0.000,0.000,0.000,0.000,0.000,0.000,0.000,0.000
0.574,0.000,0.000,0.000,0.000,0.000,0.000,0.000,0.000
0.584,0.000,0.000,0.000,0.000,0.000,0.000,0.000,0.000
0.595,0.000,0.000,0.000,0.000,0.000,0.000,0.000,0.000
0.605,0.000,0.000,0.000,0.000,0.000,0.000,0.000,0.000
0.615,0.000,0.000,0.000,0.000,0.000,0.000,0.000,0.000
0.626,0.000,0.000,0.000,0.000,0.000,0.000,0.000,0.000
0.637,0.000,0.000,0.000,0.000,0.000,0.000,0.000,0.000
0.647,0.000,0.000,0.000,0.000,0.000,0.000,0.000,0.000
0.658,0.000,0.000,0.000,0.000,0.000,0.000,0.000,0.000
0.668,0.000,0.000,0.000,0.000,0.000,0.000,0.000,0.000
0.679,0.000,0.000,0.000,0.000,0.000,0.000,0.000,0.000
0.689,0.000,0.000,0.000,0.000,0.000,0.000,0.000,0.000
0.700,0.000,0.000,0.000,0.000,0.000,0.000,0.000,0.000
0.710,0.000,0.000,0.000,0.000,0.000,0.000,0.000,0.000
0.721,0.000,0.000,0.000,0.000,0.000,0.000,0.000,0.000
0.731,0.000,0.000,0.000,0.000,0.000,0.000,0.000,0.000
0.742,0.000,0.000,0.000,0.000,0.000,0.000,0.000,0.000
0.753,0.000,0.000,0.000,0.000,0.000,0.000,0.000,0.000
0.763,0.000,0.000,0.000,0.000,0.000,0.000,0.000,0.000
0.774,0.000,0.000,0.000,0.000,0.000,0.000,0.000,0.000
0.785,0.000,0.000,0.000,0.000,0.000,0.000,0.000,0.000
0.795,0.000,0.000,0.000,0.000,0.000,0.000,0.000,0.000
0.806,0.000,0.000,0.000,0.000,0.000,0.000,0.000,0.000
0.816,0.000,0.000,0.000,0.000,0.000,0.000,0.000,0.000
0.827,0.000,0.000,0.000,0.000,0.000,0.000,0.000,0.000
0.837,0.000,0.000,0.000,0.000,0.000,0.000,0.000,0.000
0.848,0.000,0.000,0.000,0.000,0.000,0.000,0.000,0.000
0.858,0.000,0.000,0.000,0.000,0.000,0.000,0.000,0.000
0.869,0.000,0.000,0.000,0.000,0.000,0.000,0.000,0.000
0.879,0.000,0.000,0.000,0.000,0.000,0.000,0.000,0.000
0.890,0.000,0.000,0.000,0.000,0.000,0.000,0.000,0.000
0.900,0.000,0.000,0.000,0.000,0.000,0.000,0.000,0.000
0.911,0.000,0.000,0.000,0.000,0.000,0.000,0.000,0.000
0.921,0.000,0.000,0.000,0.000,0.000,0.000,0.000,0.000
0.932,0.000,0.000,0.000,0.000,0.000,0.000,0.000,0.000
0.942,0.000,0.000,0.000,0.000,0.000,0.000,0.000,0.000
0.953,0.000,0.000,0.000,0.000,0.000,0.000,0.000,0.000
0.963,0.000,0.000,0.000,0.000,0.000,0.000,0.000,0.000
0.974,0.000,0.000,0.000,0.000,0.000,0.000,0.000,0.000
0.985,0.000,0.000,0.000,0.000,0.000,0.000,0.000,0.000
0.995,0.000,0.000,0.000,0.000,0.000,0.000,0.000,0.000
1.006,0.000,0.000,0.000,0.000,0.000,0.000,0.000,0.000
1.017,0.000,0.000,0.000,0.000,0.000,0.000,0.000,0.000
1.027,0.000,0.000,0.000,0.000,0.000,0.000,0.000,0.000
1.038,0.000,0.000,0.000,0.000,0.000,0.000,0.000,0.000
1.048,0.000,0.000,0.000,0.000,0.000,0.000,0.000,0.000
1.059,0.000,0.000,0.000,0.000,0.000,0.000,0.000,0.000
1.069,0.000,0.000,0.000,0.000,0.000,0.000,0.000,0.000
1.080,0.000,0.000,0.000,0.000,0.000,0.000,0.000,0.000
1.090,0.000,0.000,0.000,0.000,0.000,0.000,0.000,0.000
1.101,0.000,0.000,0.000,0.000,0.000,0.000,0.000,0.000
1.111,0.000,0.000,0.000,0.000,0.000,0.000,0.000,0.000
1.122,0.000,0.000,0.000,0.000,0.000,0.000,0.000,0.000
1.132,0.000,0.000,0.000,0.000,0.000,0.000,0.000,0.000
1.143,0.000,0.000,0.000,0.000,0.000,0.000,0.000,0.000
1.153,0.000,0.000,0.000,0.000,0.000,0.000,0.000,0.000
1.164,0.000,0.000,0.000,0.000,0.000,0.000,0.000,0.000
1.175,0.000,0.000,0.000,0.000,0.000,0.000,0.000,0.000
1.185,0.000,0.000,0.000,0.000,0.000,0.000,0.000,0.000
1.196,0.000,0.000,0.000,0.000,0.000,0.000,0.000,0.000
1.207,0.000,0.000,0.000,0.000,0.000,0.000,0.000,0.000
1.217,0.000,0.000,0.000,0.000,0.000,0.000,0.000,0.000
1.228,0.000,0.000,0.000,0.000,0.000,0.000,0.000,0.000
1.238,0.000,0.000,0.000,0.000,0.000,0.000,0.000,0.000
1.249,0.000,0.000,0.000,0.000,0.000,0.000,0.000,0.000
1.259,0.000,0.000,0.000,0.000,0.000,0.000,0.000,0.000
1.270,0.000,0.000,0.000,0.000,0.000,0.000,0.000,0.000
1.280,0.000,0.000,0.000,0.000,0.000,0.000,0.000,0.000
1.291,0.000,0.000,0.000,0.000,0.000,0.000,0.000,0.000
1.301,0.000,0.000,0.000,0.000,0.000,0.000,0.000,0.000
1.312,0.000,0.000,0.000,0.000,0.000,0.000,0.000,0.000
1.322,0.000,0.000,0.000,0.000,0.000,0.000,0.000,0.000
1.333,0.000,0.000,0.000,0.000,0.000,0.000,0.000,0.000
1.343,0.000,0.000,0.000,0.000,0.000,0.000,0.000,0.000
1.354,0.000,0.000,0.000,0.000,0.000,0.000,0.000,0.000
1.364,0.000,0.000,0.000,0.000,0.000,0.000,0.000,0.000
1.375,0.000,0.000,0.000,0.000,0.000,0.000,0.000,0.000
1.385,0.000,0.000,0.000,0.000,0.000,0.000,0.000,0.000
1.396,0.000,0.000,0.000,0.000,0.000,0.000,0.000,0.000
1.406,0.000,0.000,0.000,0.000,0.000,0.000,0.000,0.000
1.417,0.000,0.000,0.000,0.000,0.000,0.000,0.000,0.000
1.427,0.000,0.000,0.000,0.000,0.000,0.000,0.000,0.000
1.438,0.000,0.000,0.000,0.000,0.000,0.000,0.000,0.000
1.449,0.000,0.000,0.000,0.000,0.000,0.000,0.000,0.000
1.460,0.000,0.000,0.000,0.000,0.000,0.000,0.000,0.000
1.470,0.000,0.000,0.000,0.000,0.000,0.000,0.000,0.000
1.481,0.000,0.000,0.000,0.000,0.000,0.000,0.000,0.000
1.492,0.000,0.000,0.000,0.000,0.000,0.000,0.000,0.000
1.503,0.000,0.000,0.000,0.000,0.000,0.000,0.000,0.000
1.513,0.000,0.000,0.000,0.000,0.000,0.000,0.000,0.000
1.524,0.000,0.000,0.000,0.000,0.000,0.000,0.000,0.000
1.535,0.000,0.000,0.000,0.000,0.000,0.000,0.000,0.000
1.546,0.000,0.000,0.000,0.000,0.000,0.000,0.000,0.000
1.556,0.000,0.000,0.000,0.000,0.000,0.000,0.000,0.000
1.567,0.000,0.000,0.000,0.000,0.000,0.000,0.000,0.000
1.578,0.000,0.000,0.000,0.000,0.000,0.000,0.000,0.000
1.588,0.000,0.000,0.000,0.000,0.000,0.000,0.000,0.000
1.599,0.000,0.000,0.000,0.000,0.000,0.000,0.000,0.000
1.610,0.000,0.000,0.000,0.000,0.000,0.000,0.000,0.000
1.620,0.000,0.000,0.000,0.000,0.000,0.000,0.000,0.000
1.631,0.000,0.000,0.000,0.000,0.000,0.000,0.000,0.000
1.642,0.000,0.000,0.000,0.000,0.000,0.000,0.000,0.000
1.653,0.000,0.000,0.000,0.000,0.000,0.000,0.000,0.000
1.663,0.000,0.000,0.000,0.000,0.000,0.000,0.000,0.000
1.674,0.000,0.000,0.000,0.000,0.000,0.000,0.000,0.000
1.685,0.000,0.000,0.000,0.000,0.000,0.000,0.000,0.000
1.695,0.000,0.000,0.000,0.000,0.000,0.000,0.000,0.000
1.706,0.000,0.000,0.000,0.000,0.000,0.000,0.000,0.000
1.717,0.000,0.000,0.000,0.000,0.000,0.000,0.000,0.000
1.728,0.000,0.000,0.000,0.000,0.000,0.000,0.000,0.000
1.738,0.000,0.000,0.000,0.000,0.000,0.000,0.000,0.000
1.749,0.000,0.000,0.000,0.000,0.000,0.000,0.000,0.000
1.760,0.000,0.000,0.000,0.000,0.000,0.000,0.000,0.000
1.770,0.000,0.000,0.000,0.000,0.000,0.000,0.000,0.000
1.781,0.000,0.000,0.000,0.000,0.000,0.000,0.000,0.000
1.792,0.000,0.000,0.000,0.000,0.000,0.000,0.000,0.000
1.802,0.000,0.000,0.000,0.000,0.000,0.000,0.000,0.000
1.813,0.000,0.000,0.000,0.000,0.000,0.000,0.000,0.000
1.824,0.000,0.000,0.000,0.000,0.000,0.000,0.000,0.000
1.834,0.000,0.000,0.000,0.000,0.000,0.000,0.000,0.000
1.845,0.000,0.000,0.000,0.000,0.000,0.000,0.000,0.000
1.856,0.000,0.000,0.000,0.000,0.000,0.000,0.000,0.000
1.867,0.000,0.000,0.000,0.000,0.000,0.000,0.000,0.000
1.877,0.000,0.000,0.000,0.000,0.000,0.000,0.000,0.000
1.888,0.000,0.000,0.000,0.000,0.000,0.000,0.000,0.000
1.899,0.000,0.000,0.000,0.000,0.000,0.000,0.000,0.000
1.909,0.000,0.000,0.000,0.000,0.000,0.000,0.000,0.000
1.920,0.000,0.000,0.000,0.000,0.000,0.000,0.000,0.000
1.931,0.000,0.000,0.000,0.000,0.000,0.000,0.000,0.000
1.941,0.000,0.000,0.000,0.000,0.000,0.000,0.000,0.000
1.952,0.000,0.000,0.000,0.000,0.000,0.000,0.000,0.000
1.963,0.000,0.000,0.000,0.000,0.000,0.000,0.000,0.000
1.973,0.000,0.000,0.000,0.000,0.000,0.000,0.000,0.000
1.984,0.000,0.000,0.000,0.000,0.000,0.000,0.000,0.000
1.995,0.000,0.000,0.000,0.000,0.000,0.000,0.000,0.000
2.005,0.000,0.000,0.000,0.000,0.000,0.000,0.000,0.000
2.016,0.000,0.000,0.000,0.000,0.000,0.000,0.000,0.000
2.027,0.000,0.000,0.000,0.000,0.000,0.000,0.000,0.000
2.037,0.000,0.000,0.000,0.000,0.000,0.000,0.000,0.000
2.048,0.000,0.000,0.000,0.000,0.000,0.000,0.000,0.000
2.059,0.000,0.000,0.000,0.000,0.000,0.000,0.000,0.000
2.069,0.000,0.000,0.000,0.000,0.000,0.000,0.000,0.000
2.080,0.000,0.000,0.000,0.000,0.000,0.000,0.000,0.000
2.091,0.000,0.000,0.000,0.000,0.000,0.000,0.000,0.000
2.101,0.000,0.000,0.000,0.000,0.000,0.000,0.000,0.000
2.112,0.000,0.000,0.000,0.000,0.000,0.000,0.000,0.000
2.122,0.000,0.000,0.000,0.000,0.000,0.000,0.000,0.000
2.133,0.000,0.000,0.000,0.000,0.000,0.000,0.000,0.000
2.144,0.000,0.000,0.000,0.000,0.000,0.000,0.000,0.000
2.155,0.000,0.000,0.000,0.000,0.000,0.000,0.000,0.000
2.165,0.000,0.000,0.000,0.000,0.000,0.000,0.000,0.000
2.176,0.000,0.000,0.000,0.000,0.000,0.000,0.000,0.000
2.186,0.000,0.000,0.000,0.000,0.000,0.000,0.000,0.000
2.197,0.000,0.000,0.000,0.000,0.000,0.000,0.000,0.000
2.208,0.000,0.000,0.000,0.000,0.000,0.000,0.000,0.000
2.218,0.000,0.000,0.000,0.000,0.000,0.000,0.000,0.000
2.229,0.000,0.000,0.000,0.000,0.000,0.000,0.000,0.000
2.240,0.000,0.000,0.000,0.000,0.000,0.000,0.000,0.000
2.250,0.000,0.000,0.000,0.000,0.000,0.000,0.000,0.000
2.261,0.000,0.000,0.000,0.000,0.000,0.000,0.000,0.000
2.271,0.000,0.000,0.000,0.000,0.000,0.000,0.000,0.000
2.282,0.000,0.000,0.000,0.000,0.000,0.000,0.000,0.000
2.293,0.000,0.000,0.000,0.000,0.000,0.000,0.000,0.000
2.303,0.000,0.000,0.000,0.000,0.000,0.000,0.000,0.000
2.314,0.000,0.000,0.000,0.000,0.000,0.000,0.000,0.000
2.324,0.000,0.000,0.000,0.000,0.000,0.000,0.000,0.000
2.335,0.000,0.000,0.000,0.000,0.000,0.000,0.000,0.000
2.346,0.000,0.000,0.000,0.000,0.000,0.000,0.000,0.000
2.356,0.000,0.000,0.000,0.000,0.000,0.000,0.000,0.000
2.367,0.000,0.000,0.000,0.000,0.000,0.000,0.000,0.000
2.378,0.000,0.000,0.000,0.000,0.000,0.000,0.000,0.000
2.388,0.000,0.000,0.000,0.000,0.000,0.000,0.000,0.000
2.399,0.000,0.000,0.000,0.000,0.000,0.000,0.000,0.000
2.410,0.000,0.000,0.000,0.000,0.000,0.000,0.000,0.000
2.420,0.000,0.000,0.000,0.000,0.000,0.000,0.000,0.000
2.431,0.000,0.000,0.000,0.000,0.000,0.000,0.000,0.000
2.441,0.000,0.000,0.000,0.000,0.000,0.000,0.000,0.000
2.452,0.000,0.000,0.000,0.000,0.000,0.000,0.000,0.000
2.463,0.000,0.000,0.000,0.000,0.000,0.000,0.000,0.000
2.473,0.000,0.000,0.000,0.000,0.000,0.000,0.000,0.000
2.484,0.000,0.000,0.000,0.000,0.000,0.000,0.000,0.000
2.494,0.000,0.000,0.000,0.000,0.000,0.000,0.000,0.000
2.505,0.000,0.000,0.000,0.000,0.000,0.000,0.000,0.000
2.516,0.000,0.000,0.000,0.000,0.000,0.000,0.000,0.000
2.526,0.000,0.000,0.000,0.000,0.000,0.000,0.000,0.000
2.537,0.000,0.000,0.000,0.000,0.000,0.000,0.000,0.000
2.548,0.000,0.000,0.000,0.000,0.000,0.000,0.000,0.000
2.558,0.000,0.000,0.000,0.000,0.000,0.000,0.000,0.000
2.569,0.000,0.000,0.000,0.000,0.000,0.000,0.000,0.000
2.579,0.000,0.000,0.000,0.000,0.000,0.000,0.000,0.000
2.590,0.000,0.000,0.000,0.000,0.000,0.000,0.000,0.000
2.601,0.000,0.000,0.000,0.000,0.000,0.000,0.000,0.000
2.611,0.000,0.000,0.000,0.000,0.000,0.000,0.000,0.000
2.622,0.000,0.000,0.000,0.000,0.000,0.000,0.000,0.000
2.632,0.000,0.000,0.000,0.000,0.000,0.000,0.000,0.000
2.643,0.000,0.000,0.000,0.000,0.000,0.000,0.000,0.000
2.653,0.000,0.000,0.000,0.000,0.000,0.000,0.000,0.000
2.664,0.000,0.000,0.000,0.000,0.000,0.000,0.000,0.000
2.675,0.000,0.000,0.000,0.000,0.000,0.000,0.000,0.000
2.685,0.000,0.000,0.000,0.000,0.000,0.000,0.000,0.000
2.696,0.000,0.000,0.000,0.000,0.000,0.000,0.000,0.000
2.707,0.000,0.000,0.000,0.000,0.000,0.000,0.000,0.000
2.717,0.000,0.000,0.000,0.000,0.000,0.000,0.000,0.000
2.728,0.000,0.000,0.000,0.000,0.000,0.000,0.000,0.000
2.738,0.000,0.000,0.000,0.000,0.000,0.000,0.000,0.000
2.749,0.000,0.000,0.000,0.000,0.000,0.000,0.000,0.000
2.760,0.000,0.000,0.000,0.000,0.000,0.000,0.000,0.000
2.770,0.000,0.000,0.000,0.000,0.000,0.000,0.000,0.000
2.781,0.000,0.000,0.000,0.000,0.000,0.000,0.000,0.000
2.792,0.000,0.000,0.000,0.000,0.000,0.000,0.000,0.000
2.803,0.000,0.000,0.000,0.000,0.000,0.000,0.000,0.000
2.813,0.000,0.000,0.000,0.000,0.000,0.000,0.000,0.000
2.824,0.000,0.000,0.000,0.000,0.000,0.000,0.000,0.000
2.835,0.000,0.000,0.000,0.000,0.000,0.000,0.000,0.000
2.845,0.000,0.000,0.000,0.000,0.000,0.000,0.000,0.000
2.856,0.000,0.000,0.000,0.000,0.000,0.000,0.000,0.000
2.867,0.000,0.000,0.000,0.000,0.000,0.000,0.000,0.000
2.877,0.000,0.000,0.000,0.000,0.000,0.000,0.000,0.000
2.888,0.000,0.000,0.000,0.000,0.000,0.000,0.000,0.000
2.899,0.000,0.000,0.000,0.000,0.000,0.000,0.000,0.000
2.909,0.000,0.000,0.000,0.000,0.000,0.000,0.000,0.000
2.920,0.000,0.000,0.000,0.000,0.000,0.000,0.000,0.000
2.931,0.000,0.000,0.000,0.000,0.000,0.000,0.000,0.000
2.942,0.000,0.000,0.000,0.000,0.000,0.000,0.000,0.000
2.952,0.000,0.000,0.000,0.000,0.000,0.000,0.000,0.000
2.963,0.000,0.000,0.000,0.000,0.000,0.000,0.000,0.000
2.974,0.000,0.000,0.000,0.000,0.000,0.000,0.000,0.000
2.985,0.000,0.000,0.000,0.000,0.000,0.000,0.000,0.000
2.995,0.000,0.000,0.000,0.000,0.000,0.000,0.000,0.000
3.006,0.000,0.000,0.000,0.000,0.000,0.000,0.000,0.000
3.017,0.000,0.000,0.000,0.000,0.000,0.000,0.000,0.000
3.027,0.000,0.000,0.000,0.000,0.000,0.000,0.000,0.000
3.038,0.000,0.000,0.000,0.000,0.000,0.000,0.000,0.000
3.049,0.000,0.000,0.000,0.000,0.000,0.000,0.000,0.000
3.059,0.000,0.000,0.000,0.000,0.000,0.000,0.000,0.000
3.070,0.000,0.000,0.000,0.000,0.000,0.000,0.000,0.000
3.081,0.000,0.000,0.000,0.000,0.000,0.000,0.000,0.000
3.091,0.000,0.000,0.000,0.000,0.000,0.000,0.000,0.000
3.102,0.000,0.000,0.000,0.000,0.000,0.000,0.000,0.000
3.113,0.000,0.000,0.000,0.000,0.000,0.000,0.000,0.000
3.124,0.000,0.000,0.000,0.000,0.000,0.000,0.000,0.000
3.135,0.000,0.000,0.000,0.000,0.000,0.000,0.000,0.000
3.145,0.000,0.000,0.000,0.000,0.000,0.000,0.000,0.000
3.156,0.000,0.000,0.000,0.000,0.000,0.000,0.000,0.000
3.167,0.000,0.000,0.000,0.000,0.000,0.000,0.000,0.000
3.178,0.000,0.000,0.000,0.000,0.000,0.000,0.000,0.000
3.188,0.000,0.000,0.000,0.000,0.000,0.000,0.000,0.000
3.199,0.000,0.000,0.000,0.000,0.000,0.000,0.000,0.000
3.210,0.000,0.000,0.000,0.000,0.000,0.000,0.000,0.000
3.221,0.000,0.000,0.000,0.000,0.000,0.000,0.000,0.000
3.231,0.000,0.000,0.000,0.000,0.000,0.000,0.000,0.000
3.242,0.000,0.000,0.000,0.000,0.000,0.000,0.000,0.000
3.253,0.000,0.000,0.000,0.000,0.000,0.000,0.000,0.000
3.264,0.000,0.000,0.000,0.000,0.000,0.000,0.000,0.000
3.274,0.000,0.000,0.000,0.000,0.000,0.000,0.000,0.000
3.285,0.000,0.000,0.000,0.000,0.000,0.000,0.000,0.000
3.296,0.000,0.000,0.000,0.000,0.000,0.000,0.000,0.000
3.307,0.000,0.000,0.000,0.000,0.000,0.000,0.000,0.000
3.317,0.000,0.000,0.000,0.000,0.000,0.000,0.000,0.000
3.328,0.000,0.000,0.000,0.000,0.000,0.000,0.000,0.000
3.339,0.000,0.000,0.000,0.000,0.000,0.000,0.000,0.000
3.350,0.000,0.000,0.000,0.000,0.000,0.000,0.000,0.000
3.360,0.000,0.000,0.000,0.000,0.000,0.000,0.000,0.000
3.371,0.000,0.000,0.000,0.000,0.000,0.000,0.000,0.000
3.382,0.000,0.000,0.000,0.000,0.000,0.000,0.000,0.000
3.392,0.000,0.000,0.000,0.000,0.000,0.000,0.000,0.000
3.403,0.000,0.000,0.000,0.000,0.000,0.000,0.000,0.000
3.414,0.000,0.000,0.000,0.000,0.000,0.000,0.000,0.000
3.425,0.000,0.000,0.000,0.000,0.000,0.000,0.000,0.000
3.435,0.000,0.000,0.000,0.000,0.000,0.000,0.000,0.000
3.446,0.000,0.000,0.000,0.000,0.000,0.000,0.000,0.000
3.457,0.000,0.000,0.000,0.000,0.000,0.000,0.000,0.000
3.467,0.000,0.000,0.000,0.000,0.000,0.000,0.000,0.000
3.478,0.000,0.000,0.000,0.000,0.000,0.000,0.000,0.000
3.489,0.000,0.000,0.000,0.000,0.000,0.000,0.000,0.000
3.500,0.000,0.000,0.000,0.000,0.000,0.000,0.000,0.000
3.511,0.000,0.000,0.000,0.000,0.000,0.000,0.000,0.000
3.521,0.000,0.000,0.000,0.000,0.000,0.000,0.000,0.000
3.532,0.000,0.000,0.000,0.000,0.000,0.000,0.000,0.000
3.543,0.000,0.000,0.000,0.000,0.000,0.000,0.000,0.000
3.553,0.000,0.000,0.000,0.000,0.000,0.000,0.000,0.000
3.564,0.000,0.000,0.000,0.000,0.000,0.000,0.000,0.000
3.575,0.000,0.000,0.000,0.000,0.000,0.000,0.000,0.000
3.586,0.000,0.000,0.000,0.000,0.000,0.000,0.000,0.000
3.596,0.000,0.000,0.000,0.000,0.000,0.000,0.000,0.000
3.607,0.000,0.000,0.000,0.000,0.000,0.000,0.000,0.000
3.618,0.000,0.000,0.000,0.000,0.000,0.000,0.000,0.000
3.628,0.000,0.000,0.000,0.000,0.000,0.000,0.000,0.000
3.639,0.000,0.000,0.000,0.000,0.000,0.000,0.000,0.000
3.650,0.000,0.000,0.000,0.000,0.000,0.000,0.000,0.000
3.661,0.000,0.000,0.000,0.000,0.000,0.000,0.000,0.000
3.671,0.000,0.000,0.000,0.000,0.000,0.000,0.000,0.000
3.682,0.000,0.000,0.000,0.000,0.000,0.000,0.000,0.000
3.693,0.000,0.000,0.000,0.000,0.000,0.000,0.000,0.000
3.704,0.000,0.000,0.000,0.000,0.000,0.000,0.000,0.000
3.714,0.000,0.000,0.000,0.000,0.000,0.000,0.000,0.000
3.725,0.000,0.000,0.000,0.000,0.000,0.000,0.000,0.000
3.736,0.000,0.000,0.000,0.000,0.000,0.000,0.000,0.000
3.747,0.000,0.000,0.000,0.000,0.000,0.000,0.000,0.000
3.758,0.000,0.000,0.000,0.000,0.000,0.000,0.000,0.000
3.768,0.000,0.000,0.000,0.000,0.000,0.000,0.000,0.000
3.779,0.000,0.000,0.000,0.000,0.000,0.000,0.000,0.000
3.790,0.000,0.000,0.000,0.000,0.000,0.000,0.000,0.000
3.801,0.000,0.000,0.000,0.000,0.000,0.000,0.000,0.000
3.811,0.000,0.000,0.000,0.000,0.000,0.000,0.000,0.000
3.822,0.000,0.000,0.000,0.000,0.000,0.000,0.000,0.000
3.833,0.000,0.000,0.000,0.000,0.000,0.000,0.000,0.000
3.843,0.000,0.000,0.000,0.000,0.000,0.000,0.000,0.000
3.854,0.000,0.000,0.000,0.000,0.000,0.000,0.000,0.000
3.865,0.000,0.000,0.000,0.000,0.000,0.000,0.000,0.000
3.876,0.000,0.000,0.000,0.000,0.000,0.000,0.000,0.000
3.886,0.000,0.000,0.000,0.000,0.000,0.000,0.000,0.000
3.897,0.000,0.000,0.000,0.000,0.000,0.000,0.000,0.000
3.908,0.000,0.000,0.000,0.000,0.000,0.000,0.000,0.000
3.918,0.000,0.000,0.000,0.000,0.000,0.000,0.000,0.000
3.929,0.000,0.000,0.000,0.000,0.000,0.000,0.000,0.000
3.940,0.000,0.000,0.000,0.000,0.000,0.000,0.000,0.000
3.950,0.000,0.000,0.000,0.000,0.000,0.000,0.000,0.000
3.961,0.000,0.000,0.000,0.000,0.000,0.000,0.000,0.000
3.972,0.000,0.000,0.000,0.000,0.000,0.000,0.000,0.000
3.982,0.278,0.427,0.074,30.340,0.000,0.367,0.779,32.264
3.993,0.106,0.746,0.487,30.306,0.000,300.000,300.000,631.645
4.004,0.665,1.326,1.026,30.256,0.000,76.460,76.407,186.139
4.015,53.081,180.000,22.428,12.560,0.000,49.379,300.000,617.447
4.026,44.134,180.000,27.440,28.606,0.000,37.887,300.000,618.067
4.036,62.212,180.000,19.483,7.654,0.000,37.577,192.517,499.444
4.047,180.000,180.000,10.180,32.878,0.000,50.532,23.750,477.340
4.058,180.000,21.670,47.806,170.689,0.000,300.000,300.000,1020.165
4.069,180.000,50.505,8.244,12.458,0.000,300.000,300.000,851.207
4.080,180.000,57.239,3.342,17.402,0.000,300.000,300.000,857.983
4.091,62.353,12.870,11.366,33.775,0.000,300.000,300.000,720.364
4.102,44.398,11.031,5.382,13.116,0.000,300.000,300.000,673.927
4.112,69.542,19.398,4.326,4.073,0.000,300.000,300.000,697.339
4.123,108.264,25.255,14.961,38.638,0.000,300.000,300.000,787.117
4.134,16.464,75.990,2.709,6.519,0.000,300.000,202.788,604.470
4.145,34.625,37.419,4.063,18.838,0.000,300.000,258.962,653.907
4.156,44.662,55.567,3.430,14.898,0.000,300.000,238.650,657.207
4.166,3.915,27.677,0.995,21.693,0.000,300.000,261.546,615.826
4.177,15.556,4.259,14.266,121.547,0.000,300.000,300.000,755.628
4.188,11.433,14.327,16.163,119.953,0.000,300.000,300.000,761.875
4.199,27.421,31.761,34.346,119.671,0.000,300.000,300.000,813.199
4.210,57.621,58.185,58.717,93.601,0.000,300.000,300.000,868.125
4.221,7.710,22.283,29.779,119.090,0.000,300.000,300.000,778.863
4.231,6.937,22.369,30.321,119.142,0.000,300.000,300.000,778.769
4.242,17.232,3.697,3.204,118.697,0.000,300.000,300.000,742.831
4.253,26.300,48.709,59.781,126.746,0.000,300.000,300.000,861.536
4.264,4.596,18.505,30.204,118.648,0.000,300.000,300.000,771.954
4.275,12.177,15.054,28.765,118.307,0.000,300.000,300.000,774.302
4.285,46.068,54.249,58.735,91.998,0.000,300.000,300.000,851.050
4.296,21.744,10.191,26.204,117.678,0.000,300.000,300.000,775.817
4.307,20.970,11.134,27.256,117.713,0.000,300.000,300.000,777.072
4.318,21.708,10.835,27.188,117.676,0.000,300.000,300.000,777.408
4.329,7.015,38.863,54.776,125.247,0.000,300.000,300.000,825.902
4.340,20.591,10.834,26.669,117.826,0.000,300.000,300.000,775.920
4.351,21.758,10.215,26.329,117.790,0.000,300.000,300.000,776.092
4.361,18.636,12.893,28.891,117.689,0.000,300.000,300.000,778.109
4.372,68.622,29.320,9.381,122.778,0.000,300.000,300.000,830.100
4.383,25.732,8.632,25.963,117.412,0.000,300.000,300.000,777.739
4.394,25.508,8.832,26.166,117.441,0.000,300.000,300.000,777.946
4.405,26.147,6.864,2.900,118.286,0.000,300.000,300.000,754.197
4.415,8.704,10.039,19.668,118.716,0.000,300.000,300.000,757.126
4.426,1.450,21.599,28.567,116.834,0.000,300.000,295.439,763.889
4.437,20.099,12.732,29.030,117.396,0.000,300.000,299.668,778.925
4.448,24.999,78.433,51.270,77.387,0.000,300.000,249.810,781.899
4.459,31.208,5.518,11.005,114.854,0.000,300.000,287.831,750.416
4.470,23.966,36.856,7.973,104.294,0.000,300.000,244.934,718.023
4.481,22.981,39.934,6.216,103.049,0.000,300.000,239.519,711.698
4.491,7.435,92.528,40.218,56.521,0.000,300.000,137.730,634.433
4.502,6.825,40.860,13.857,109.444,0.000,300.000,259.099,730.085
4.513,11.973,62.490,13.486,102.607,0.000,300.000,231.168,721.725
4.524,11.575,61.836,13.060,102.714,0.000,300.000,231.523,720.707
4.535,12.850,63.509,14.353,102.430,0.000,300.000,231.026,724.169
4.546,83.104,42.268,21.490,122.311,0.000,300.000,300.000,869.174
4.557,27.826,47.436,0.913,98.591,0.000,300.000,222.157,696.924
4.568,14.523,55.728,0.066,98.104,0.000,300.000,216.074,684.496
4.579,12.684,55.781,1.482,98.714,0.000,300.000,218.196,686.858
4.589,1.626,65.196,42.207,61.528,0.000,300.000,171.691,642.249
4.600,14.721,46.970,10.472,107.857,0.000,300.000,251.324,731.344
4.611,11.753,63.601,10.512,101.670,0.000,300.000,227.055,714.590
4.622,10.794,63.304,10.043,101.568,0.000,300.000,226.623,712.332
4.633,10.401,63.309,9.627,101.444,0.000,300.000,226.082,710.864
4.644,39.744,123.147,43.926,59.633,0.000,300.000,188.572,755.022
4.654,12.545,60.110,8.871,102.607,0.000,300.000,230.912,715.045
4.665,11.130,64.878,9.116,100.908,0.000,300.000,223.878,709.911
4.676,10.706,64.770,8.930,100.875,0.000,300.000,223.689,708.970
4.687,10.622,64.744,8.786,100.866,0.000,300.000,223.583,708.600
4.698,6.305,78.395,41.812,59.065,0.000,300.000,150.804,636.381
4.709,8.167,49.482,9.899,105.975,0.000,300.000,244.498,718.020
4.720,10.417,63.743,9.410,101.355,0.000,300.000,225.515,710.440
4.730,10.326,63.899,9.093,101.238,0.000,300.000,224.996,709.552
4.741,9.678,63.558,9.772,101.385,0.000,300.000,225.809,710.202
4.752,11.100,62.485,11.738,102.307,0.000,300.000,229.758,717.388
4.763,59.792,34.803,21.774,124.361,0.000,300.000,300.000,840.730
4.774,11.372,56.858,2.732,99.059,0.000,300.000,218.938,688.959
4.785,11.149,56.886,2.750,99.130,0.000,300.000,219.043,688.958
4.795,11.938,57.394,1.502,98.552,0.000,300.000,216.870,686.256
4.806,12.971,55.900,1.633,99.020,0.000,300.000,218.583,688.107
4.817,7.379,79.178,41.036,56.630,0.000,300.000,150.533,634.756
4.828,7.860,49.587,9.450,105.933,0.000,300.000,244.010,716.840
4.839,11.031,64.682,8.830,101.134,0.000,300.000,224.271,709.947
4.850,11.078,64.739,8.575,101.083,0.000,300.000,224.007,709.482
4.861,14.221,67.414,10.884,100.889,0.000,300.000,223.930,717.339
4.872,15.978,65.274,11.356,102.034,0.000,300.000,228.115,722.757
4.882,38.173,123.768,42.216,52.750,0.000,300.000,186.209,743.116
4.893,15.079,63.182,7.774,101.858,0.000,300.000,227.464,715.357
4.904,13.466,66.643,8.711,100.775,0.000,300.000,222.760,712.356
4.915,13.186,66.591,8.651,100.774,0.000,300.000,222.669,711.871
4.926,13.263,66.619,8.606,100.789,0.000,300.000,222.651,711.928
4.937,13.371,66.651,8.579,100.807,0.000,300.000,222.656,712.064
4.948,13.480,66.685,8.563,100.825,0.000,300.000,222.670,712.224
4.959,0.482,18.590,27.933,124.346,0.000,300.000,300.000,771.350
4.969,10.010,64.855,7.648,100.839,0.000,300.000,222.769,706.121
4.980,10.410,65.100,7.472,100.775,0.000,300.000,222.493,706.250
4.991,180.000,180.000,180.000,180.000,0.000,300.000,51.128,1071.128
5.002,180.000,180.000,10.932,180.000,0.000,300.000,129.950,980.881
5.013,180.000,58.571,8.561,180.000,0.000,300.000,300.000,1027.132
5.024,180.000,60.092,6.423,180.000,0.000,300.000,300.000,1026.515
5.035,180.000,59.225,6.431,180.000,0.000,300.000,300.000,1025.655
5.046,180.000,58.449,6.495,180.000,0.000,300.000,300.000,1024.944
5.057,180.000,57.209,5.915,180.000,0.000,300.000,300.000,1023.124
5.068,180.000,56.465,6.129,180.000,0.000,300.000,300.000,1022.594
5.079,180.000,55.631,6.143,180.000,0.000,300.000,300.000,1021.774
5.090,180.000,54.750,6.122,180.000,0.000,300.000,300.000,1020.873
5.101,180.000,53.843,6.093,180.000,0.000,300.000,300.000,1019.936
5.112,180.000,52.917,6.062,180.000,0.000,300.000,300.000,1018.979
5.123,180.000,52.031,6.109,180.000,0.000,300.000,300.000,1018.141
5.134,180.000,51.028,6.029,180.000,0.000,300.000,300.000,1017.056
5.145,180.000,49.934,5.900,180.000,0.000,300.000,300.000,1015.835
5.156,180.000,49.006,5.949,180.000,0.000,300.000,300.000,1014.955
5.167,180.000,48.012,6.030,105.820,0.000,300.000,300.000,939.861
5.178,180.000,46.405,6.000,54.530,0.000,300.000,300.000,886.934
5.189,180.000,45.265,5.920,54.768,0.000,300.000,300.000,885.953
5.200,180.000,44.110,5.857,55.231,0.000,300.000,300.000,885.198
5.211,180.000,42.928,5.799,55.563,0.000,300.000,300.000,884.290
5.222,180.000,47.261,5.063,40.425,0.000,300.000,300.000,872.749
5.233,180.000,41.017,5.539,54.271,0.000,300.000,300.000,880.826
5.243,180.000,39.843,5.524,53.458,0.000,300.000,300.000,878.826
5.254,180.000,38.521,5.421,54.496,0.000,300.000,300.000,878.438
5.265,180.000,37.181,5.318,54.952,0.000,300.000,300.000,877.451
5.276,180.000,35.748,5.130,55.187,0.000,300.000,300.000,876.064
5.287,180.000,34.447,5.204,56.512,0.000,300.000,300.000,876.163
5.298,180.000,33.476,5.450,58.858,0.000,300.000,300.000,877.783
5.309,180.000,31.430,4.859,57.111,0.000,300.000,300.000,873.401
5.320,180.000,29.497,4.493,55.541,0.000,300.000,300.000,869.532
5.331,180.000,27.918,4.342,55.463,0.000,300.000,300.000,867.723
5.342,180.000,26.198,4.148,55.574,0.000,300.000,300.000,865.920
5.353,180.000,24.404,3.936,55.719,0.000,300.000,300.000,864.059
5.364,180.000,22.557,3.722,55.879,0.000,300.000,300.000,862.157
5.375,180.000,20.639,3.487,56.007,0.000,300.000,300.000,860.132
5.386,180.000,18.606,2.905,56.000,0.000,300.000,300.000,857.511
5.397,180.000,16.148,2.756,56.743,0.000,300.000,300.000,855.647
5.407,180.000,13.589,2.250,57.244,0.000,300.000,300.000,853.082
5.418,180.000,11.890,2.379,56.253,0.000,300.000,300.000,850.522
5.429,180.000,10.451,2.225,56.450,0.000,300.000,300.000,849.125
5.440,180.000,13.425,4.158,56.722,0.000,300.000,300.000,854.306
5.451,180.000,5.089,1.303,50.672,0.000,300.000,300.000,837.065
5.462,180.000,3.084,1.444,56.844,0.000,300.000,300.000,841.373
5.473,180.000,1.007,0.720,59.488,0.000,300.000,300.000,841.214
5.484,79.667,39.532,0.804,63.870,0.000,300.000,300.000,783.873
5.495,70.018,37.861,0.254,57.479,0.000,300.000,300.000,765.612
5.506,66.605,37.119,0.348,57.704,0.000,300.000,300.000,761.776
5.517,60.512,37.059,0.873,56.225,0.000,300.000,300.000,754.669
5.528,56.672,36.090,0.589,57.981,0.000,300.000,300.000,751.333
5.539,52.613,35.668,0.710,58.024,0.000,300.000,300.000,747.015
5.549,48.733,35.346,0.859,58.135,0.000,300.000,300.000,743.073
5.560,44.751,35.122,1.010,58.304,0.000,300.000,300.000,739.187
5.571,35.416,36.966,2.397,58.315,0.000,300.000,300.000,733.094
5.582,39.427,34.530,1.219,58.199,0.000,300.000,300.000,733.375
5.593,39.340,32.325,0.145,60.308,0.000,300.000,300.000,732.118
5.604,32.069,34.194,1.167,59.483,0.000,300.000,300.000,726.913
5.615,34.719,31.514,0.195,60.755,0.000,300.000,300.000,727.183
5.626,32.109,31.189,0.376,61.171,0.000,300.000,300.000,724.844
5.637,29.091,31.455,0.115,61.295,0.000,300.000,300.000,721.957
5.648,27.991,30.916,0.238,61.746,0.000,300.000,300.000,720.892
5.659,26.869,30.382,0.395,61.931,0.000,300.000,300.000,719.578
5.670,25.747,29.896,0.543,62.009,0.000,300.000,300.000,718.194
5.681,24.892,29.384,0.683,62.010,0.000,300.000,300.000,716.970
5.692,23.883,28.773,0.953,62.090,0.000,300.000,300.000,715.699
5.703,22.730,28.381,1.079,61.851,0.000,300.000,300.000,714.041
5.714,18.102,29.067,0.892,61.196,0.000,300.000,300.000,709.256
5.725,7.006,34.202,1.019,60.194,0.000,300.000,300.000,702.421
5.736,5.027,34.411,0.948,59.734,0.000,300.000,300.000,700.120
5.747,1.616,34.939,0.024,58.966,0.000,300.000,300.000,695.546
5.758,1.997,34.501,0.691,60.266,0.000,300.000,300.000,697.455
5.769,0.985,34.162,0.327,60.388,0.000,300.000,300.000,695.861
5.780,0.673,34.168,0.067,60.231,0.000,300.000,300.000,695.138
5.791,2.024,33.986,0.293,60.022,0.000,300.000,300.000,696.325
5.802,3.069,33.805,0.585,60.049,0.000,300.000,300.000,697.508
5.813,4.156,33.642,0.899,60.150,0.000,300.000,300.000,698.847
5.824,180.000,180.000,5.624,55.315,0.000,300.000,142.855,863.794
5.835,180.000,164.647,3.659,61.935,0.000,300.000,152.760,863.001
5.845,180.000,141.393,2.106,61.214,0.000,300.000,179.432,864.146
5.856,180.000,131.585,1.516,60.639,0.000,300.000,187.833,861.574
5.867,131.769,106.947,1.843,60.653,0.000,300.000,210.661,811.873
5.878,118.438,94.696,1.509,60.672,0.000,300.000,222.605,797.920
5.889,107.708,84.579,1.206,60.683,0.000,300.000,232.383,786.560
5.900,98.703,76.219,0.960,60.726,0.000,300.000,240.433,777.041
5.911,86.926,63.200,1.027,59.790,0.000,300.000,251.859,762.802
5.922,84.622,63.727,0.649,60.893,0.000,300.000,252.419,762.310
5.933,79.367,58.936,0.519,60.946,0.000,300.000,256.903,756.671
5.944,74.880,54.886,0.415,60.999,0.000,300.000,260.652,751.831
5.955,71.148,51.521,0.335,61.057,0.000,300.000,263.707,747.769
5.966,67.944,48.643,0.272,61.116,0.000,300.000,266.275,744.251
5.977,65.191,46.175,0.223,61.175,0.000,300.000,268.433,741.197
5.988,62.811,44.043,0.185,61.235,0.000,300.000,270.253,738.528
5.999,60.742,42.187,0.157,61.296,0.000,300.000,271.796,736.179
6.010,58.925,40.555,0.137,61.360,0.000,300.000,273.116,734.092
6.021,57.240,39.111,0.148,61.443,0.000,300.000,274.252,732.194
6.032,59.507,39.810,0.095,61.400,0.000,300.000,272.788,733.600
6.042,39.843,12.708,5.498,72.218,0.000,300.000,300.000,730.267
6.053,55.951,37.034,0.089,61.568,0.000,300.000,275.287,729.930
6.064,55.108,36.321,0.081,61.719,0.000,300.000,275.703,728.933
6.075,51.651,33.925,0.122,61.787,0.000,300.000,278.108,725.593
6.086,50.243,32.721,0.051,61.789,0.000,300.000,279.034,723.838
6.097,50.559,32.472,0.145,61.910,0.000,300.000,278.812,723.899
6.108,48.783,31.230,0.154,61.928,0.000,300.000,279.913,722.007
6.119,47.978,30.740,0.114,62.285,0.000,300.000,280.151,721.268
6.130,47.356,30.330,0.101,62.132,0.000,300.000,280.469,720.388
6.141,42.940,35.171,0.645,59.825,0.000,300.000,279.872,718.453
6.152,46.584,24.545,0.149,62.413,0.000,300.000,283.754,717.446
6.163,45.335,28.463,0.061,62.655,0.000,300.000,281.364,717.878
6.174,39.510,29.951,0.366,61.580,0.000,300.000,282.667,714.075
6.185,43.078,26.718,0.071,62.477,0.000,300.000,282.843,715.187
6.196,43.515,26.359,0.128,62.420,0.000,300.000,282.652,715.073
6.206,42.091,25.904,0.014,62.929,0.000,300.000,283.115,714.053
6.217,41.011,25.527,0.119,62.470,0.000,300.000,283.662,712.788
6.228,41.251,24.727,0.096,62.616,0.000,300.000,283.721,712.410
6.239,40.211,24.047,0.100,62.653,0.000,300.000,284.301,711.311
6.250,38.539,29.348,0.562,60.665,0.000,300.000,282.783,711.898
6.261,41.096,22.837,0.188,62.590,0.000,300.000,284.177,710.887
6.272,38.547,16.584,0.739,66.416,0.000,300.000,286.999,709.285
6.283,39.317,23.259,0.302,62.395,0.000,300.000,284.273,709.546
6.294,35.476,20.268,0.263,63.027,0.000,300.000,287.334,706.367
6.305,37.608,21.622,0.500,63.274,0.000,300.000,285.155,708.158
6.316,38.497,21.210,0.554,63.501,0.000,300.000,284.731,708.493
6.327,36.953,19.025,0.688,64.268,0.000,300.000,286.024,706.958
6.338,47.683,19.214,0.459,58.722,0.000,300.000,281.694,707.771
6.349,34.679,19.726,0.331,64.981,0.000,300.000,287.104,706.821
6.360,33.575,20.835,0.106,62.737,0.000,300.000,286.762,704.016
6.371,36.445,19.502,0.376,63.164,0.000,300.000,285.991,705.479
6.382,34.498,18.069,0.403,63.924,0.000,300.000,287.386,704.280
6.393,34.303,17.784,0.422,63.947,0.000,300.000,287.443,703.900
6.404,33.919,17.610,0.422,63.712,0.000,300.000,287.536,703.199
6.415,33.394,17.643,0.401,63.623,0.000,300.000,287.605,702.667
6.426,32.854,17.365,0.379,63.564,0.000,300.000,287.813,701.975
6.437,32.558,17.069,0.445,63.580,0.000,300.000,287.978,701.630
6.448,32.161,16.756,0.447,63.628,0.000,300.000,288.145,701.137
6.459,31.747,16.442,0.440,63.672,0.000,300.000,288.315,700.616
6.470,31.334,16.131,0.435,63.717,0.000,300.000,288.488,700.104
6.481,31.099,15.817,0.577,63.762,0.000,300.000,288.697,699.952
6.492,31.081,15.506,0.875,63.793,0.000,300.000,288.928,700.183
6.503,31.880,15.207,1.804,63.826,0.000,300.000,289.266,701.982
6.514,128.300,180.000,130.944,58.954,0.000,300.000,300.000,1098.198
6.525,94.223,180.000,10.426,47.224,0.000,300.000,300.000,931.873
6.536,24.816,180.000,4.631,58.162,0.000,300.000,300.000,867.609
6.547,36.148,180.000,6.163,63.938,0.000,300.000,300.000,886.248
6.558,45.068,180.000,7.219,63.931,0.000,300.000,300.000,896.219
6.568,55.160,180.000,8.231,63.813,0.000,300.000,300.000,907.204
6.579,65.758,180.000,9.081,63.166,0.000,300.000,300.000,918.004
6.590,82.861,176.223,11.018,65.272,0.000,300.000,300.000,935.373
6.601,41.448,30.612,1.347,58.895,0.000,300.000,300.000,732.302
6.612,39.471,29.620,0.748,58.991,0.000,300.000,300.000,728.829
6.623,56.616,37.653,0.208,68.957,0.000,300.000,300.000,763.434
6.634,47.553,32.802,0.356,65.194,0.000,300.000,300.000,745.905
6.645,44.932,33.752,1.788,64.182,0.000,300.000,300.000,744.653
6.656,66.134,18.480,2.625,64.421,0.000,283.995,300.000,735.655
6.667,180.000,89.897,5.146,67.575,0.000,154.972,300.000,797.590
6.678,180.000,75.326,4.306,65.183,0.000,174.411,300.000,799.227
6.688,180.000,64.045,3.979,64.754,0.000,192.470,300.000,805.248
6.699,180.000,55.018,3.809,64.902,0.000,206.940,300.000,810.669
6.710,180.000,47.470,3.710,64.931,0.000,218.905,300.000,815.017
6.721,180.000,41.247,3.691,64.999,0.000,228.837,300.000,818.774
6.732,180.000,36.015,3.704,65.042,0.000,237.132,300.000,821.893
6.743,180.000,31.758,3.744,65.085,0.000,244.017,300.000,824.602
6.754,83.916,3.713,2.517,65.610,0.000,274.605,300.000,730.362
6.765,71.612,5.430,3.208,65.459,0.000,277.786,300.000,723.495
6.776,76.075,3.237,2.970,65.818,0.000,275.950,300.000,724.050
6.787,45.843,20.152,2.320,67.709,0.000,296.261,300.000,732.285
6.798,37.571,22.592,2.547,65.807,0.000,300.000,300.000,728.517
6.809,35.097,22.278,2.768,65.113,0.000,300.000,300.000,725.257
6.820,34.260,21.669,2.863,64.233,0.000,300.000,300.000,723.025
6.831,35.076,20.523,2.371,65.572,0.000,300.000,300.000,723.542
6.842,34.958,20.072,2.341,65.107,0.000,300.000,300.000,722.477
6.853,35.584,20.209,2.837,64.485,0.000,300.000,300.000,723.115
6.864,33.211,18.561,2.170,65.485,0.000,300.000,300.000,719.425
6.875,27.218,15.951,0.938,67.946,0.000,300.000,300.000,712.054
6.886,30.533,16.954,1.944,65.773,0.000,300.000,300.000,715.204
6.896,30.152,16.376,1.879,65.528,0.000,300.000,300.000,713.935
6.907,29.517,15.799,1.822,65.368,0.000,300.000,300.000,712.506
6.918,48.789,14.483,0.242,64.953,0.000,300.000,300.000,728.467
6.929,27.698,14.388,1.448,65.749,0.000,300.000,300.000,709.284
6.940,27.653,14.252,1.662,65.793,0.000,300.000,300.000,709.360
6.951,28.462,13.637,1.466,65.156,0.000,300.000,300.000,708.722
6.962,26.531,13.105,1.471,65.275,0.000,300.000,300.000,706.382
6.973,24.759,12.630,1.400,65.558,0.000,300.000,300.000,704.347
6.984,23.616,12.161,1.316,65.670,0.000,300.000,300.000,702.763
6.995,22.733,11.713,1.227,65.712,0.000,300.000,300.000,701.384
7.006,21.929,11.281,1.135,65.748,0.000,300.000,300.000,700.093
7.017,21.110,10.875,1.044,65.784,0.000,300.000,300.000,698.812
7.028,20.314,10.486,0.956,65.806,0.000,300.000,300.000,697.563
7.039,19.550,10.111,0.867,65.821,0.000,300.000,300.000,696.349
7.050,18.781,9.751,0.777,65.848,0.000,300.000,300.000,695.158
7.061,18.005,9.410,0.686,65.875,0.000,300.000,300.000,693.976
7.072,17.242,9.084,0.596,65.902,0.000,300.000,300.000,692.823
7.083,16.463,8.773,0.499,65.938,0.000,300.000,300.000,691.672
7.094,15.660,8.482,0.409,65.983,0.000,300.000,300.000,690.533
7.105,14.839,8.209,0.318,66.036,0.000,300.000,300.000,689.403
7.116,14.094,7.941,0.228,66.076,0.000,300.000,300.000,688.339
7.127,13.362,7.687,0.139,66.112,0.000,300.000,300.000,687.300
7.138,12.624,7.454,0.055,66.134,0.000,300.000,300.000,686.266
7.149,11.939,7.223,0.033,66.149,0.000,300.000,300.000,685.343
7.160,11.273,6.999,0.121,66.167,0.000,300.000,300.000,684.560
7.171,10.621,6.791,0.198,66.169,0.000,300.000,300.000,683.779
7.182,10.116,6.565,0.296,66.133,0.000,300.000,300.000,683.111
7.193,9.468,6.379,0.379,66.156,0.000,300.000,300.000,682.381
7.204,8.741,6.226,0.452,66.182,0.000,300.000,300.000,681.601
7.215,8.205,6.038,0.536,66.200,0.000,300.000,300.000,680.980
7.225,7.541,5.897,0.606,66.225,0.000,300.000,300.000,680.270
7.236,6.912,5.759,0.677,66.255,0.000,300.000,300.000,679.601
7.247,6.270,5.638,0.740,66.277,0.000,300.000,300.000,678.925
7.258,5.642,5.529,0.797,66.298,0.000,300.000,300.000,678.266
7.269,5.000,5.436,0.849,66.317,0.000,300.000,300.000,677.603
7.280,4.323,5.367,0.895,66.341,0.000,300.000,300.000,676.925
7.291,3.575,5.329,0.934,66.369,0.000,300.000,300.000,676.207
7.302,23.702,22.307,0.941,66.419,0.000,300.000,284.060,697.430
7.313,120.945,110.406,2.258,58.421,0.000,300.000,179.610,771.639
7.324,120.056,96.210,2.482,73.350,0.000,300.000,200.055,792.153
7.335,107.687,81.827,1.849,69.324,0.000,300.000,218.438,779.126
7.346,87.903,69.378,1.467,67.728,0.000,300.000,230.731,757.208
7.357,70.377,58.481,1.372,66.787,0.000,300.000,241.043,738.061
7.368,60.307,50.455,1.254,66.740,0.000,300.000,249.735,728.491
7.379,52.572,44.058,1.127,66.789,0.000,300.000,256.817,721.364
7.389,45.892,38.682,1.071,66.741,0.000,300.000,262.632,715.018
7.400,40.879,34.461,0.986,66.773,0.000,300.000,267.317,710.416
7.411,36.831,31.006,0.911,66.816,0.000,300.000,271.159,706.723
7.422,33.674,28.243,0.848,66.853,0.000,300.000,274.248,703.866
7.433,43.398,29.707,0.529,65.324,0.000,300.000,275.981,714.939
7.444,31.111,24.617,0.722,66.584,0.000,300.000,278.882,701.915
7.455,29.482,23.073,0.682,66.636,0.000,300.000,280.614,700.487
7.466,28.306,21.835,0.649,66.663,0.000,300.000,282.038,699.490
7.477,27.373,20.805,0.624,66.680,0.000,300.000,283.217,698.700
7.488,26.654,19.950,0.603,66.700,0.000,300.000,284.199,698.106
7.499,26.125,19.241,0.585,66.720,0.000,300.000,285.023,697.694
7.510,25.712,18.634,0.572,66.740,0.000,300.000,285.725,697.384
7.521,25.411,18.118,0.563,66.760,0.000,300.000,286.326,697.178
7.532,25.182,17.669,0.559,66.779,0.000,300.000,286.844,697.035
7.543,24.993,17.273,0.565,66.805,0.000,300.000,287.284,696.919
7.554,24.699,16.854,0.592,66.760,0.000,300.000,287.691,696.597
7.565,24.625,16.577,0.562,66.845,0.000,300.000,288.020,696.629
7.576,24.592,16.426,0.609,66.825,0.000,300.000,288.032,696.484
7.587,23.988,15.843,0.578,66.747,0.000,300.000,288.693,695.849
7.598,23.355,15.669,0.493,66.538,0.000,300.000,288.582,694.636
7.609,23.766,15.364,0.603,66.820,0.000,300.000,289.124,695.676
7.620,24.485,15.447,0.644,67.037,0.000,300.000,289.154,696.766
7.631,24.518,15.254,0.601,67.011,0.000,300.000,289.471,696.854
7.642,24.314,15.053,0.558,66.930,0.000,300.000,289.644,696.499
7.653,24.148,14.871,0.505,66.890,0.000,300.000,289.816,696.230
7.664,24.117,14.708,0.489,66.914,0.000,300.000,289.993,696.221
7.675,24.216,14.585,0.481,66.956,0.000,300.000,290.171,696.409
7.686,24.318,14.469,0.479,66.950,0.000,300.000,290.334,696.550
7.697,24.240,14.276,0.428,66.993,0.000,300.000,290.623,696.560
7.708,24.042,14.153,0.401,66.930,0.000,300.000,290.631,696.157
7.719,23.990,14.013,0.389,66.964,0.000,300.000,290.765,696.122
7.730,24.148,13.924,0.381,67.045,0.000,300.000,290.946,696.444
7.741,24.301,13.840,0.371,67.099,0.000,300.000,291.125,696.736
7.752,24.334,13.732,0.357,67.110,0.000,300.000,291.276,696.809
7.762,24.280,13.609,0.342,67.102,0.000,300.000,291.402,696.735
7.773,24.164,13.463,0.327,67.098,0.000,300.000,291.537,696.589
7.784,24.077,13.329,0.314,67.103,0.000,300.000,291.669,696.492
7.795,24.022,13.206,0.302,67.118,0.000,300.000,291.802,696.450
7.806,23.986,13.092,0.291,67.135,0.000,300.000,291.935,696.438
7.817,23.947,12.978,0.281,67.152,0.000,300.000,292.067,696.425
7.828,23.899,12.865,0.271,67.167,0.000,300.000,292.196,696.397
7.839,23.841,12.751,0.261,67.180,0.000,300.000,292.322,696.354
7.850,23.767,12.633,0.252,67.193,0.000,300.000,292.446,696.291
7.861,23.703,12.522,0.242,67.205,0.000,300.000,292.569,696.241
7.872,23.632,12.410,0.232,67.219,0.000,300.000,292.692,696.185
7.883,23.565,12.302,0.224,67.232,0.000,300.000,292.811,696.134
7.894,23.490,12.192,0.215,67.246,0.000,300.000,292.931,696.075
7.905,23.415,12.085,0.207,67.260,0.000,300.000,293.048,696.015
7.916,23.337,11.978,0.199,67.274,0.000,300.000,293.164,695.952
7.927,23.255,11.872,0.192,67.287,0.000,300.000,293.278,695.884
7.938,23.170,11.767,0.184,67.299,0.000,300.000,293.391,695.812
7.949,22.538,11.420,0.214,67.159,0.000,300.000,293.557,694.888
7.960,22.204,11.248,0.174,67.187,0.000,300.000,293.672,694.486
7.971,22.319,11.222,0.177,67.280,0.000,300.000,293.763,694.761
7.982,22.575,11.252,0.174,67.367,0.000,300.000,293.856,695.224
7.993,22.809,11.285,0.162,67.418,0.000,300.000,293.937,695.611
8.004,22.947,11.295,0.147,67.445,0.000,300.000,293.991,695.824
8.015,23.006,11.280,0.133,67.459,0.000,300.000,294.031,695.910
8.026,22.975,11.212,0.117,67.442,0.000,300.000,294.157,695.903
8.036,22.777,11.073,0.079,67.461,0.000,300.000,294.339,695.729
8.047,22.491,10.897,0.045,67.467,0.000,300.000,294.523,695.423
8.058,22.173,10.720,0.024,67.441,0.000,300.000,294.635,694.993
8.069,21.817,10.530,0.027,67.431,0.000,300.000,294.727,694.532
8.080,21.576,10.386,0.051,67.411,0.000,300.000,294.779,694.203
8.091,21.466,10.290,0.068,67.432,0.000,300.000,294.843,694.099
8.102,21.480,10.252,0.077,67.465,0.000,300.000,294.891,694.164
8.113,21.567,10.249,0.088,67.481,0.000,300.000,294.925,694.310
8.124,21.641,10.234,0.080,67.506,0.000,300.000,295.015,694.476
8.135,21.532,10.154,0.008,67.533,0.000,300.000,295.186,694.414
8.146,21.885,10.203,0.094,67.687,0.000,300.000,295.653,695.523
8.157,22.222,10.405,0.106,67.732,0.000,300.000,295.340,695.805
8.168,21.842,10.177,0.057,67.645,0.000,300.000,295.432,695.153
8.179,21.196,9.900,0.012,67.513,0.000,300.000,295.306,693.927
8.190,18.840,8.826,0.009,67.188,0.000,300.000,295.826,690.689
8.200,18.086,8.465,0.094,67.246,0.000,300.000,295.860,689.752
8.211,18.752,8.684,0.155,67.510,0.000,300.000,295.839,690.940
8.222,19.849,9.092,0.176,67.636,0.000,300.000,295.786,692.539
8.233,20.822,9.554,0.212,67.561,0.000,300.000,295.392,693.541
8.244,21.104,9.544,0.139,67.738,0.000,300.000,296.444,694.968
8.255,20.765,9.386,0.150,67.828,0.000,300.000,296.567,694.696
8.266,21.156,9.761,0.129,67.907,0.000,300.000,295.608,694.560
8.277,20.156,9.116,0.029,67.568,0.000,300.000,296.215,693.085
8.288,19.220,8.665,0.028,67.659,0.000,300.000,296.585,692.158
8.299,19.213,8.679,0.031,67.683,0.000,300.000,296.476,692.082
8.310,19.157,8.632,0.033,67.688,0.000,300.000,296.522,692.032
8.321,19.026,8.563,0.032,67.694,0.000,300.000,296.541,691.856
8.332,18.983,8.549,0.030,67.692,0.000,300.000,296.471,691.726
8.343,18.843,8.461,0.028,67.707,0.000,300.000,296.543,691.583
8.354,18.883,8.465,0.043,67.743,0.000,300.000,296.579,691.713
8.365,19.257,8.601,0.071,67.783,0.000,300.000,296.624,692.336
8.376,18.707,8.335,0.042,67.752,0.000,300.000,296.726,691.562
8.387,18.384,8.172,0.028,67.747,0.000,300.000,296.806,691.137
8.398,18.188,8.065,0.021,67.752,0.000,300.000,296.874,690.900
8.409,18.044,7.981,0.016,67.761,0.000,300.000,296.937,690.739
8.420,17.801,7.857,0.007,67.764,0.000,300.000,296.996,690.425
8.431,17.703,7.796,0.006,67.773,0.000,300.000,297.052,690.330
8.442,17.591,7.728,0.004,67.781,0.000,300.000,297.108,690.212
8.453,17.471,7.658,0.001,67.787,0.000,300.000,297.164,690.080
8.464,17.350,7.588,0.003,67.793,0.000,300.000,297.215,689.948
8.475,17.229,7.518,0.006,67.800,0.000,300.000,297.266,689.820
8.486,17.106,7.449,0.009,67.807,0.000,300.000,297.316,689.687
8.497,16.978,7.378,0.013,67.814,0.000,300.000,297.366,689.549
8.508,16.850,7.307,0.016,67.821,0.000,300.000,297.415,689.409
8.519,16.721,7.236,0.020,67.828,0.000,300.000,297.463,689.267
8.530,16.567,7.161,0.024,67.836,0.000,300.000,297.491,689.079
8.541,16.379,7.058,0.028,67.844,0.000,300.000,297.583,688.892
8.552,16.200,6.970,0.033,67.851,0.000,300.000,297.628,688.682
8.563,16.034,6.888,0.038,67.859,0.000,300.000,297.665,688.483
8.573,15.873,6.808,0.041,67.861,0.000,300.000,297.705,688.288
8.584,15.749,6.737,0.042,67.861,0.000,300.000,297.782,688.171
8.595,15.631,6.680,0.047,67.873,0.000,300.000,297.793,688.023
8.606,15.521,6.621,0.051,67.882,0.000,300.000,297.824,687.899
8.617,15.462,6.583,0.051,67.889,0.000,300.000,297.864,687.848
8.628,15.376,6.537,0.052,67.899,0.000,300.000,297.894,687.757
8.639,15.235,6.466,0.054,67.909,0.000,300.000,297.937,687.602
8.650,15.091,6.394,0.058,67.914,0.000,300.000,297.977,687.435
8.661,14.948,6.323,0.062,67.917,0.000,300.000,298.018,687.269
8.672,14.818,6.257,0.065,67.924,0.000,300.000,298.058,687.122
8.683,14.692,6.194,0.068,67.930,0.000,300.000,298.096,686.980
8.694,14.566,6.131,0.071,67.937,0.000,300.000,298.132,686.838
8.705,14.441,6.069,0.074,67.943,0.000,300.000,298.169,686.695
8.716,14.315,6.007,0.076,67.950,0.000,300.000,298.204,686.552
8.727,14.192,5.947,0.079,67.956,0.000,300.000,298.238,686.412
8.738,14.069,5.886,0.082,67.962,0.000,300.000,298.272,686.272
8.749,13.946,5.826,0.085,67.969,0.000,300.000,298.306,686.131
8.760,13.824,5.767,0.087,67.975,0.000,300.000,298.338,685.991
8.771,13.703,5.708,0.090,67.981,0.000,300.000,298.370,685.851
8.782,13.582,5.649,0.093,67.987,0.000,300.000,298.402,685.712
8.794,13.462,5.592,0.095,67.993,0.000,300.000,298.433,685.574
8.805,13.342,5.534,0.098,67.999,0.000,300.000,298.463,685.436
8.816,13.223,5.477,0.101,68.005,0.000,300.000,298.492,685.297
8.827,13.102,5.420,0.103,68.010,0.000,300.000,298.522,685.157
8.838,12.984,5.364,0.106,68.016,0.000,300.000,298.550,685.021
8.849,12.868,5.309,0.109,68.022,0.000,300.000,298.578,684.885
8.860,12.753,5.254,0.111,68.028,0.000,300.000,298.606,684.752
8.871,12.638,5.200,0.114,68.033,0.000,300.000,298.633,684.617
8.882,12.526,5.147,0.116,68.039,0.000,300.000,298.659,684.487
8.893,12.412,5.094,0.119,68.044,0.000,300.000,298.684,684.353
8.904,12.296,5.040,0.121,68.050,0.000,300.000,298.710,684.217
8.915,12.183,4.987,0.124,68.055,0.000,300.000,298.735,684.083
8.926,12.070,4.935,0.126,68.060,0.000,300.000,298.759,683.950
8.937,11.957,4.883,0.129,68.066,0.000,300.000,298.782,683.817
8.947,11.845,4.831,0.131,68.071,0.000,300.000,298.804,683.682
8.959,11.736,4.781,0.134,68.076,0.000,300.000,298.826,683.554
8.969,11.627,4.731,0.136,68.081,0.000,300.000,298.850,683.425
8.980,11.521,4.682,0.138,68.086,0.000,300.000,298.871,683.299
8.991,11.413,4.632,0.141,68.091,0.000,300.000,298.896,683.173
9.002,11.308,4.584,0.143,68.096,0.000,300.000,298.918,683.049
9.013,11.202,4.536,0.145,68.101,0.000,300.000,298.939,682.924
9.024,11.099,4.488,0.148,68.106,0.000,300.000,298.960,682.801
9.035,10.995,4.441,0.150,68.111,0.000,300.000,298.981,682.678
9.046,10.894,4.395,0.152,68.116,0.000,300.000,299.001,682.558
9.057,10.791,4.349,0.154,68.121,0.000,300.000,299.021,682.436
9.068,10.692,4.303,0.157,68.125,0.000,300.000,299.041,682.318
9.079,10.590,4.258,0.159,68.130,0.000,300.000,299.060,682.196
9.090,10.492,4.213,0.161,68.134,0.000,300.000,299.078,682.080
9.101,10.391,4.168,0.163,68.139,0.000,300.000,299.097,681.958
9.111,10.296,4.125,0.165,68.144,0.000,300.000,299.115,681.844
9.122,10.196,4.081,0.168,68.148,0.000,300.000,299.132,681.724
9.133,10.101,4.038,0.170,68.152,0.000,300.000,299.150,681.611
9.144,10.014,3.998,0.171,68.156,0.000,300.000,299.167,681.507
9.155,9.928,3.960,0.173,68.161,0.000,300.000,299.183,681.404
9.166,9.819,3.913,0.174,68.165,0.000,300.000,299.198,681.270
9.177,9.720,3.869,0.176,68.170,0.000,300.000,299.214,681.149
9.188,9.623,3.827,0.178,68.174,0.000,300.000,299.229,681.031
9.199,9.530,3.786,0.179,68.179,0.000,300.000,299.244,680.918
9.210,9.439,3.746,0.181,68.183,0.000,300.000,299.258,680.807
9.221,9.348,3.706,0.182,68.187,0.000,300.000,299.273,680.696
9.232,9.258,3.667,0.184,68.191,0.000,300.000,299.287,680.587
9.243,9.169,3.628,0.185,68.195,0.000,300.000,299.301,680.478
9.254,9.081,3.589,0.187,68.199,0.000,300.000,299.315,680.370
9.265,8.993,3.551,0.188,68.203,0.000,300.000,299.328,680.264
9.276,8.907,3.514,0.190,68.207,0.000,300.000,299.341,680.158
9.287,8.821,3.476,0.191,68.211,0.000,300.000,299.354,680.053
9.298,8.725,3.436,0.192,68.213,0.000,300.000,299.362,679.929
9.309,8.630,3.394,0.194,68.219,0.000,300.000,299.379,679.815
9.320,8.549,3.359,0.196,68.223,0.000,300.000,299.391,679.717
9.331,8.483,3.330,0.196,68.227,0.000,300.000,299.401,679.637
9.342,8.389,3.290,0.198,68.230,0.000,300.000,299.414,679.522
9.353,8.340,3.268,0.198,68.235,0.000,300.000,299.421,679.462
9.364,8.217,3.215,0.202,68.237,0.000,300.000,299.439,679.310
9.375,8.133,3.178,0.203,68.240,0.000,300.000,299.451,679.206
9.386,8.061,3.147,0.204,68.243,0.000,300.000,299.462,679.118
9.397,7.977,3.111,0.206,68.247,0.000,300.000,299.472,679.014
9.408,7.908,3.082,0.207,68.251,0.000,300.000,299.482,678.930
9.419,7.792,3.032,0.210,68.255,0.000,300.000,299.495,678.784
9.430,7.712,2.998,0.211,68.259,0.000,300.000,299.504,678.685
9.441,7.635,2.965,0.213,68.262,0.000,300.000,299.513,678.589
9.452,7.560,2.933,0.214,68.266,0.000,300.000,299.522,678.496
9.463,7.487,2.901,0.216,68.269,0.000,300.000,299.532,678.404
9.474,7.413,2.870,0.217,68.272,0.000,300.000,299.540,678.313
9.485,7.340,2.838,0.218,68.276,0.000,300.000,299.549,678.222
9.496,7.267,2.807,0.220,68.279,0.000,300.000,299.558,678.130
9.507,7.194,2.776,0.221,68.282,0.000,300.000,299.567,678.040
9.518,7.122,2.745,0.222,68.285,0.000,300.000,299.575,677.950
9.529,7.048,2.714,0.224,68.288,0.000,300.000,299.583,677.857
9.540,6.977,2.683,0.225,68.292,0.000,300.000,299.591,677.769
9.551,6.907,2.654,0.226,68.295,0.000,300.000,299.600,677.681
9.561,6.837,2.624,0.228,68.298,0.000,300.000,299.608,677.594
9.572,6.767,2.594,0.229,68.301,0.000,300.000,299.615,677.506
9.583,6.698,2.565,0.230,68.304,0.000,300.000,299.623,677.419
9.594,6.627,2.535,0.232,68.307,0.000,300.000,299.630,677.330
9.605,6.558,2.506,0.233,68.310,0.000,300.000,299.637,677.244
9.616,6.491,2.477,0.234,68.313,0.000,300.000,299.645,677.160
9.627,6.424,2.449,0.235,68.315,0.000,300.000,299.652,677.075
9.638,6.357,2.420,0.237,68.318,0.000,300.000,299.658,676.990
9.649,6.290,2.392,0.238,68.321,0.000,300.000,299.665,676.906
9.660,6.222,2.363,0.239,68.324,0.000,300.000,299.671,676.819
9.671,6.158,2.336,0.240,68.326,0.000,300.000,299.678,676.739
9.682,6.095,2.309,0.241,68.329,0.000,300.000,299.684,676.659
9.693,6.031,2.283,0.242,68.332,0.000,300.000,299.690,676.578
9.704,5.967,2.256,0.243,68.334,0.000,300.000,299.695,676.496
9.716,5.902,2.228,0.245,68.337,0.000,300.000,299.701,676.413
9.727,5.841,2.203,0.246,68.339,0.000,300.000,299.707,676.335
9.738,5.781,2.178,0.246,68.341,0.000,300.000,299.712,676.258
9.749,5.721,2.153,0.247,68.344,0.000,300.000,299.716,676.181
9.759,5.660,2.128,0.247,68.346,0.000,300.000,299.720,676.102
9.770,5.604,2.105,0.248,68.349,0.000,300.000,299.726,676.031
9.781,5.548,2.082,0.247,68.352,0.000,300.000,299.730,675.960
9.792,5.490,2.059,0.247,68.354,0.000,300.000,299.733,675.883
9.803,5.430,2.034,0.246,68.355,0.000,300.000,299.735,675.800
9.814,5.382,2.015,0.245,68.358,0.000,300.000,299.739,675.739
9.825,5.329,1.994,0.240,68.359,0.000,300.000,299.742,675.665
9.836,5.265,1.968,0.239,68.353,0.000,300.000,299.742,675.567
9.847,5.179,1.933,0.238,68.344,0.000,300.000,299.742,675.436
9.858,5.102,1.902,0.236,68.305,0.000,300.000,299.741,675.286
9.869,5.034,1.877,0.231,68.287,0.000,300.000,299.735,675.165
9.880,5.056,1.893,0.222,68.319,0.000,300.000,299.753,675.242
9.891,5.064,1.900,0.217,68.327,0.000,300.000,299.768,675.276
9.901,5.130,1.931,0.210,68.362,0.000,300.000,299.787,675.420
9.912,5.204,1.965,0.203,68.381,0.000,300.000,299.797,675.550
9.923,5.227,1.978,0.199,68.362,0.000,300.000,299.798,675.565
9.934,5.259,1.997,0.191,68.318,0.000,300.000,299.799,675.564
9.945,5.274,2.006,0.189,68.275,0.000,300.000,299.810,675.555
9.956,5.337,2.035,0.187,68.275,0.000,300.000,299.828,675.660
9.967,5.306,2.028,0.167,68.407,0.000,300.000,299.816,675.723
9.978,5.137,1.953,0.169,68.536,0.000,300.000,299.867,675.662
9.989,4.785,1.799,0.190,68.543,0.000,300.000,299.873,675.190
10.000,4.501,1.672,0.209,68.488,0.000,300.000,299.875,674.746
10.011,4.378,1.618,0.219,68.436,0.000,300.000,299.857,674.509
10.022,4.390,1.626,0.217,68.416,0.000,300.000,299.839,674.487
10.033,4.414,1.637,0.216,68.394,0.000,300.000,299.829,674.490
10.044,4.416,1.638,0.213,68.369,0.000,300.000,299.822,674.459
10.055,4.396,1.632,0.212,68.342,0.000,300.000,299.818,674.400
10.066,4.435,1.651,0.209,68.337,0.000,300.000,299.824,674.456
10.077,4.499,1.681,0.202,68.348,0.000,300.000,299.834,674.564
10.088,4.511,1.688,0.196,68.411,0.000,300.000,299.852,674.659
10.099,4.424,1.652,0.197,68.464,0.000,300.000,299.863,674.600
10.110,4.269,1.583,0.205,68.472,0.000,300.000,299.872,674.401
10.121,4.132,1.523,0.212,68.457,0.000,300.000,299.874,674.199
10.132,4.043,1.485,0.217,68.434,0.000,300.000,299.868,674.047
10.143,4.009,1.471,0.218,68.412,0.000,300.000,299.862,673.972
10.154,4.014,1.475,0.216,68.399,0.000,300.000,299.860,673.964
10.165,4.028,1.483,0.214,68.400,0.000,300.000,299.862,673.987
10.176,4.030,1.485,0.211,68.414,0.000,300.000,299.869,674.009
10.187,4.001,1.473,0.211,68.434,0.000,300.000,299.876,673.994
10.198,3.938,1.446,0.212,68.447,0.000,300.000,299.882,673.925
10.209,3.860,1.413,0.215,68.449,0.000,300.000,299.885,673.822
10.220,3.793,1.384,0.218,68.443,0.000,300.000,299.886,673.723
10.231,3.746,1.365,0.219,68.436,0.000,300.000,299.885,673.652
10.242,3.718,1.354,0.219,68.432,0.000,300.000,299.886,673.609
10.253,3.697,1.345,0.219,68.433,0.000,300.000,299.888,673.582
10.264,3.673,1.336,0.219,68.438,0.000,300.000,299.891,673.556
10.275,3.639,1.322,0.219,68.444,0.000,300.000,299.894,673.519
10.285,3.596,1.304,0.220,68.449,0.000,300.000,299.897,673.466
10.296,3.549,1.285,0.221,68.450,0.000,300.000,299.900,673.405
10.307,3.505,1.266,0.222,68.450,0.000,300.000,299.901,673.344
10.318,3.467,1.250,0.223,68.449,0.000,300.000,299.903,673.291
10.329,3.433,1.236,0.223,68.449,0.000,300.000,299.904,673.247
10.340,3.401,1.223,0.224,68.451,0.000,300.000,299.906,673.206
10.351,3.369,1.210,0.224,68.453,0.000,300.000,299.908,673.165
10.362,3.334,1.196,0.225,68.456,0.000,300.000,299.911,673.120
10.373,3.297,1.180,0.225,68.458,0.000,300.000,299.913,673.073
10.384,3.260,1.165,0.226,68.459,0.000,300.000,299.914,673.025
10.395,3.225,1.150,0.227,68.460,0.000,300.000,299.916,672.978
10.405,3.191,1.136,0.227,68.461,0.000,300.000,299.918,672.933
10.416,3.158,1.123,0.228,68.462,0.000,300.000,299.919,672.890
10.428,3.125,1.109,0.229,68.464,0.000,300.000,299.921,672.848
10.439,3.092,1.096,0.229,68.465,0.000,300.000,299.923,672.805
10.450,3.059,1.082,0.230,68.467,0.000,300.000,299.924,672.762
10.460,3.026,1.069,0.230,68.468,0.000,300.000,299.926,672.719
10.471,2.994,1.055,0.231,68.469,0.000,300.000,299.927,672.677
10.482,2.962,1.042,0.231,68.471,0.000,300.000,299.929,672.635
10.493,2.931,1.029,0.232,68.472,0.000,300.000,299.930,672.594
10.504,2.899,1.017,0.233,68.473,0.000,300.000,299.932,672.553
10.515,2.868,1.004,0.233,68.474,0.000,300.000,299.933,672.513
10.526,2.838,0.991,0.234,68.476,0.000,300.000,299.934,672.473
10.537,2.807,0.979,0.234,68.477,0.000,300.000,299.936,672.433
10.548,2.777,0.966,0.235,68.478,0.000,300.000,299.937,672.393
10.559,2.747,0.954,0.235,68.479,0.000,300.000,299.938,672.353
10.570,2.714,0.940,0.236,68.480,0.000,300.000,299.939,672.309
10.581,2.683,0.927,0.236,68.481,0.000,300.000,299.940,672.268
10.592,2.654,0.916,0.237,68.483,0.000,300.000,299.941,672.230
10.603,2.627,0.905,0.237,68.484,0.000,300.000,299.942,672.195
10.614,2.598,0.893,0.238,68.486,0.000,300.000,299.944,672.158
10.625,2.570,0.881,0.238,68.487,0.000,300.000,299.945,672.121
10.636,2.543,0.870,0.239,68.488,0.000,300.000,299.946,672.086
10.646,2.514,0.858,0.239,68.489,0.000,300.000,299.947,672.048
10.657,2.485,0.846,0.240,68.490,0.000,300.000,299.948,672.010
10.668,2.459,0.836,0.240,68.492,0.000,300.000,299.950,671.977
10.679,2.433,0.825,0.241,68.495,0.000,300.000,299.952,671.946
10.690,2.403,0.812,0.241,68.495,0.000,300.000,299.953,671.905
10.701,2.373,0.800,0.242,68.495,0.000,300.000,299.954,671.863
10.712,2.346,0.789,0.243,68.495,0.000,300.000,299.954,671.828
10.723,2.323,0.779,0.243,68.497,0.000,300.000,299.955,671.797
10.734,2.299,0.769,0.244,68.498,0.000,300.000,299.956,671.766
10.745,2.274,0.759,0.244,68.499,0.000,300.000,299.957,671.734
10.756,2.249,0.749,0.245,68.500,0.000,300.000,299.958,671.700
10.767,2.224,0.738,0.245,68.501,0.000,300.000,299.959,671.667
10.778,2.200,0.728,0.246,68.509,0.000,300.000,299.964,671.647
10.790,2.167,0.714,0.247,68.508,0.000,300.000,299.964,671.600
10.801,2.138,0.702,0.248,68.508,0.000,300.000,299.964,671.559
10.812,2.112,0.691,0.249,68.508,0.000,300.000,299.964,671.525
10.823,2.089,0.682,0.249,68.508,0.000,300.000,299.964,671.493
10.834,2.067,0.673,0.250,68.508,0.000,300.000,299.965,671.463
10.845,2.046,0.664,0.251,68.509,0.000,300.000,299.965,671.434
10.856,2.024,0.655,0.251,68.509,0.000,300.000,299.965,671.404
10.867,2.002,0.646,0.252,68.510,0.000,300.000,299.966,671.375
10.878,1.981,0.637,0.252,68.510,0.000,300.000,299.966,671.346
10.889,1.963,0.630,0.253,68.511,0.000,300.000,299.967,671.322
10.900,1.942,0.621,0.253,68.511,0.000,300.000,299.967,671.296
10.911,1.921,0.612,0.254,68.512,0.000,300.000,299.968,671.268
10.922,1.900,0.603,0.254,68.513,0.000,300.000,299.969,671.239
10.933,1.878,0.595,0.255,68.514,0.000,300.000,299.970,671.211
10.944,1.857,0.586,0.256,68.515,0.000,300.000,299.970,671.183
10.955,1.836,0.577,0.256,68.515,0.000,300.000,299.971,671.155
10.966,1.815,0.568,0.257,68.516,0.000,300.000,299.972,671.128
10.977,1.794,0.560,0.257,68.517,0.000,300.000,299.972,671.100
10.988,1.773,0.551,0.258,68.518,0.000,300.000,299.973,671.073
10.999,0.812,15.759,1.649,29.366,0.000,27.247,300.000,374.834
11.010,4.424,0.812,0.188,29.364,0.000,22.108,76.393,133.288
11.021,1.009,1.654,0.221,29.366,0.000,17.903,62.021,112.173
11.032,0.645,1.416,0.189,29.366,0.000,14.508,50.321,96.446
11.043,0.663,1.090,0.155,29.366,0.000,11.756,40.815,83.846
11.053,0.756,0.759,0.126,29.368,0.000,9.528,33.094,73.631
11.064,0.769,0.583,0.103,29.367,0.000,7.718,26.831,65.371
11.075,0.806,0.399,0.084,29.367,0.000,6.253,21.748,58.658
11.085,3.087,0.701,0.000,29.364,0.000,5.062,17.630,55.845
11.096,0.938,0.097,0.052,29.367,0.000,4.105,14.283,48.842
11.107,0.931,0.012,0.042,29.368,0.000,3.326,11.573,45.251
11.118,0.728,0.025,0.040,29.368,0.000,2.694,9.377,42.232
11.129,0.941,0.123,0.027,29.368,0.000,2.183,7.597,40.239
11.139,0.912,0.157,0.022,29.368,0.000,1.769,6.154,38.382
11.150,0.904,0.192,0.018,29.369,0.000,1.433,4.985,36.901
11.161,0.896,0.219,0.014,29.369,0.000,1.161,4.038,35.698
11.172,0.887,0.240,0.012,29.369,0.000,0.941,3.271,34.720
11.183,0.878,0.257,0.009,29.370,0.000,0.762,2.650,33.926
11.194,0.870,0.269,0.007,29.370,0.000,0.618,2.146,33.280
11.205,0.861,0.279,0.006,29.370,0.000,0.501,1.738,32.754
11.215,0.852,0.286,0.005,29.370,0.000,0.406,1.408,32.326
11.226,0.843,0.291,0.004,29.371,0.000,0.329,1.140,31.977
11.237,0.834,0.294,0.003,29.371,0.000,0.267,0.923,31.692
11.248,0.826,0.296,0.002,29.371,0.000,0.216,0.747,31.459
11.259,0.817,0.297,0.002,29.372,0.000,0.175,0.605,31.269
11.269,0.809,0.298,0.001,29.372,0.000,0.142,0.490,31.112
11.280,0.801,0.297,0.001,29.372,0.000,0.116,0.397,30.983
11.291,0.792,0.296,0.001,29.372,0.000,0.094,0.321,30.877
11.302,0.784,0.295,0.001,29.373,0.000,0.076,0.260,30.789
11.313,0.776,0.294,0.000,29.373,0.000,0.062,0.210,30.715
11.323,0.769,0.292,0.000,29.373,0.000,0.050,0.170,30.654
11.334,20.477,6.665,0.122,29.846,0.000,0.532,0.353,57.995
11.345,9.211,2.903,0.054,29.070,0.000,0.077,0.222,41.537
11.356,9.629,3.206,0.001,29.125,0.000,0.069,0.186,42.216
11.366,22.136,7.098,0.128,30.031,0.000,0.256,0.161,59.810
11.377,3.962,1.644,0.095,29.365,0.000,0.023,0.054,35.143
11.388,0.104,0.071,0.024,29.377,0.000,0.013,0.049,29.638
11.399,0.569,0.213,0.004,29.375,0.000,0.012,0.039,30.211
11.410,0.702,0.270,0.000,29.375,0.000,0.010,0.031,30.387
11.421,0.715,0.276,0.001,29.376,0.000,0.008,0.025,30.401
11.431,0.712,0.275,0.001,29.376,0.000,0.007,0.020,30.390
11.442,0.705,0.273,0.001,29.376,0.000,0.006,0.016,30.376
11.453,0.698,0.270,0.001,29.376,0.000,0.005,0.013,30.362
11.464,0.690,0.267,0.001,29.376,0.000,0.004,0.010,30.349
11.474,0.683,0.264,0.001,29.377,0.000,0.003,0.008,30.336
11.485,0.675,0.261,0.001,29.377,0.000,0.003,0.006,30.324
11.496,0.668,0.258,0.001,29.377,0.000,0.003,0.005,30.312
11.506,0.660,0.255,0.001,29.377,0.000,0.002,0.004,30.300
11.517,0.652,0.252,0.001,29.378,0.000,0.002,0.003,30.288
11.528,0.644,0.249,0.001,29.378,0.000,0.002,0.002,30.276
11.539,0.637,0.246,0.001,29.378,0.000,0.002,0.002,30.266
11.550,0.632,0.245,0.001,29.378,0.000,0.001,0.001,30.259
11.561,0.629,0.243,0.001,29.379,0.000,0.001,0.001,30.254
11.572,0.625,0.242,0.001,29.379,0.000,0.001,0.001,30.248
11.583,1.398,0.593,0.023,29.375,0.000,0.002,0.001,31.393
11.594,0.423,0.155,0.006,29.378,0.000,0.001,0.001,29.962
11.605,0.572,0.220,0.000,29.379,0.000,0.001,0.000,30.172
11.616,0.594,0.230,0.001,29.380,0.000,0.001,0.000,30.206
11.626,0.594,0.230,0.001,29.380,0.000,0.001,0.000,30.206
11.637,0.589,0.228,0.001,29.380,0.000,0.001,0.000,30.199
11.648,0.141,0.069,0.015,29.377,0.000,0.018,0.018,29.638
11.659,2.959,1.119,0.003,29.341,0.000,0.273,0.273,33.968
11.670,0.727,0.284,0.004,29.379,0.000,0.002,0.002,30.399
11.680,0.610,0.238,0.002,29.381,0.000,0.001,0.001,30.233
11.691,0.567,0.220,0.001,29.381,0.000,0.001,0.537,30.707
11.702,0.563,0.218,0.001,29.381,0.000,0.001,0.539,30.703
11.713,0.558,0.216,0.001,29.381,0.000,0.001,0.540,30.698
11.724,0.554,0.215,0.001,29.382,0.000,0.001,0.541,30.694
11.734,0.549,0.213,0.001,29.382,0.000,0.001,0.542,30.687
11.745,0.720,0.284,0.006,29.379,0.000,0.002,0.539,30.931
11.756,0.567,0.221,0.002,29.382,0.000,0.001,0.541,30.714
11.767,0.533,0.207,0.001,29.382,0.000,0.001,0.540,30.664
11.777,0.524,0.203,0.001,29.382,0.000,0.001,0.539,30.650
11.788,0.517,0.200,0.001,29.383,0.000,0.001,0.538,30.640
11.799,0.512,0.198,0.001,29.383,0.000,0.001,0.536,30.631
11.810,0.507,0.196,0.001,29.383,0.000,0.001,0.535,30.622
11.821,0.501,0.194,0.001,29.383,0.000,0.001,0.533,30.613
11.832,0.496,0.192,0.001,29.383,0.000,0.000,0.532,30.605
11.843,0.491,0.190,0.001,29.383,0.000,0.000,0.531,30.597
11.854,0.841,0.341,0.012,29.383,0.000,0.001,0.535,31.113
11.865,0.533,0.209,0.002,29.384,0.000,0.001,0.538,30.667
11.876,0.481,0.186,0.001,29.384,0.000,0.000,0.539,30.591
11.887,0.426,0.163,0.001,29.384,0.000,0.000,0.540,30.514
11.897,0.451,0.174,0.000,29.384,0.000,0.000,0.546,30.555
11.909,0.248,0.092,0.004,29.386,0.000,0.000,0.553,30.284
11.920,0.789,0.307,0.007,29.379,0.000,0.000,0.545,31.028
11.930,0.505,0.198,0.002,29.385,0.000,0.000,0.547,30.638
11.941,0.456,0.177,0.001,29.385,0.000,0.000,0.548,30.568
11.952,0.275,0.110,0.009,29.390,0.000,0.045,0.045,29.873
11.963,0.879,0.311,0.001,29.360,0.000,0.002,0.543,31.097
11.973,0.736,0.293,0.009,29.384,0.000,0.000,0.538,30.960
11.984,0.473,0.186,0.002,29.385,0.000,0.000,0.541,30.588
11.995,0.434,0.168,0.001,29.386,0.000,0.000,0.542,30.531
12.005,180.000,26.385,144.559,180.000,0.000,0.021,0.123,531.088
12.016,180.000,68.868,5.068,151.896,0.000,3.561,1.693,411.086
12.027,180.000,68.843,5.021,37.051,0.000,3.566,1.634,296.114
12.037,180.000,68.815,4.967,36.901,0.000,1.590,2.244,294.517
12.048,180.000,68.780,4.900,36.755,0.000,1.572,1.826,293.833
12.058,180.000,68.760,4.859,36.603,0.000,1.572,1.421,293.215
12.069,180.000,68.735,4.806,36.458,0.000,1.568,1.023,292.589
12.079,180.000,68.710,4.753,36.314,0.000,1.565,0.633,291.975
12.090,180.000,68.687,4.700,36.173,0.000,1.560,0.251,291.372
12.100,180.000,68.666,4.648,36.033,0.000,1.557,0.122,291.025
12.111,180.000,68.645,4.597,35.895,0.000,1.551,0.488,291.175
12.121,180.000,68.624,4.545,35.762,0.000,1.513,0.862,291.307
12.132,180.000,68.609,4.497,35.628,0.000,1.557,1.191,291.483
12.143,180.000,68.591,4.448,35.494,0.000,1.541,1.533,291.608
12.153,180.000,68.576,4.400,35.366,0.000,1.517,1.871,291.730
12.164,180.000,68.553,4.350,35.238,0.000,1.534,2.191,291.866
12.175,180.000,68.555,4.307,35.114,0.000,1.531,2.508,292.016
12.185,180.000,68.537,4.262,34.990,0.000,1.530,2.815,292.134
12.196,180.000,68.527,4.219,34.870,0.000,1.536,3.115,292.267
12.206,180.000,68.508,4.161,34.751,0.000,1.533,3.406,292.360
12.217,180.000,68.510,4.134,34.634,0.000,1.551,3.690,292.519
12.228,180.000,68.505,4.094,34.525,0.000,1.542,3.968,292.633
12.238,180.000,68.490,4.039,34.416,0.000,1.528,4.231,292.705
12.249,180.000,68.493,4.014,34.307,0.000,1.534,4.502,292.849
12.260,180.000,68.495,3.975,34.199,0.000,1.536,4.756,292.961
12.270,180.000,68.485,3.938,34.094,0.000,1.539,5.001,293.057
12.281,180.000,68.482,3.901,33.992,0.000,1.541,5.240,293.157
12.291,180.000,68.481,3.865,33.893,0.000,1.544,5.472,293.254
12.302,180.000,68.480,3.832,33.795,0.000,1.552,5.696,293.355
12.312,180.000,68.479,3.795,33.700,0.000,1.560,5.912,293.446
12.323,180.000,68.479,3.761,33.607,0.000,1.563,6.121,293.532
12.333,180.000,68.480,3.728,33.515,0.000,1.568,6.324,293.614
12.344,180.000,68.481,3.695,33.426,0.000,1.575,6.519,293.695
12.354,180.000,68.482,3.663,33.338,0.000,1.581,6.707,293.772
12.365,180.000,68.484,3.632,33.253,0.000,1.585,6.888,293.841
12.376,180.000,68.487,3.601,33.169,0.000,1.590,7.062,293.909
12.386,180.000,68.489,3.571,33.087,0.000,1.595,7.229,293.972
12.397,180.000,68.492,3.541,33.007,0.000,1.602,7.389,294.032
12.407,180.000,68.495,3.512,32.927,0.000,1.607,7.544,294.084
12.418,180.000,68.498,3.483,32.850,0.000,1.615,7.691,294.137
12.429,180.000,68.503,3.455,32.777,0.000,1.622,7.832,294.189
12.439,180.000,68.507,3.428,32.704,0.000,1.628,7.966,294.232
12.450,180.000,68.512,3.401,32.631,0.000,1.633,8.094,294.271
12.460,180.000,68.517,3.374,32.561,0.000,1.639,8.215,294.305
12.471,180.000,68.521,3.348,32.492,0.000,1.644,8.331,294.336
12.482,180.000,68.527,3.323,32.425,0.000,1.648,8.440,294.362
12.492,180.000,68.532,3.298,32.359,0.000,1.653,8.544,294.386
12.503,180.000,68.538,3.273,32.295,0.000,1.657,8.641,294.404
12.514,180.000,68.543,3.250,32.232,0.000,1.662,8.733,294.420
12.524,180.000,68.549,3.226,32.170,0.000,1.666,8.819,294.431
12.535,180.000,68.555,3.203,32.108,0.000,1.671,8.900,294.437
12.546,180.000,68.561,3.181,32.052,0.000,1.676,8.975,294.444
12.556,180.000,68.567,3.159,31.991,0.000,1.680,9.044,294.441
12.567,180.000,68.574,3.137,31.935,0.000,1.684,9.109,294.438
12.578,180.000,68.580,3.116,31.880,0.000,1.688,9.168,294.431
12.589,180.000,68.586,3.095,31.830,0.000,1.692,9.222,294.425
12.599,180.000,68.591,3.074,31.775,0.000,1.696,9.271,294.408
12.610,180.000,68.598,3.054,31.727,0.000,1.699,9.315,294.394
12.621,180.000,68.604,3.034,31.673,0.000,1.703,9.355,294.369
12.631,180.000,68.611,3.015,31.623,0.000,1.707,9.389,294.345
12.642,180.000,68.617,2.996,31.575,0.000,1.711,9.419,294.318
12.653,180.000,68.623,2.977,31.527,0.000,1.714,9.444,294.286
12.663,180.000,68.630,2.959,31.482,0.000,1.717,9.465,294.253
12.674,180.000,68.636,2.941,31.437,0.000,1.721,9.482,294.216
12.685,180.000,68.642,2.923,31.392,0.000,1.724,9.494,294.176
12.695,180.000,68.649,2.906,31.349,0.000,1.728,9.502,294.134
12.706,180.000,68.654,2.889,31.310,0.000,1.733,9.507,294.093
12.717,180.000,68.661,2.872,31.264,0.000,1.732,9.507,294.037
12.728,180.000,68.668,2.856,31.226,0.000,1.741,9.503,293.994
12.738,180.000,68.674,2.840,31.186,0.000,1.749,9.496,293.945
12.749,180.000,68.637,2.814,30.982,0.000,1.757,9.469,293.658
12.760,180.000,68.578,2.782,30.663,0.000,1.767,9.431,293.222
12.770,180.000,68.521,2.752,30.315,0.000,1.764,9.388,292.740
12.781,180.000,68.466,2.723,29.938,0.000,1.643,9.341,292.110
12.792,180.000,68.413,2.694,29.533,0.000,1.474,9.290,291.404
12.802,180.000,68.362,2.667,29.100,0.000,1.447,9.236,290.813
12.813,180.000,70.190,3.089,38.254,0.000,1.065,9.914,302.512
12.824,180.000,68.722,2.721,30.911,0.000,1.330,9.311,292.995
12.834,180.000,68.726,2.707,30.865,0.000,1.324,9.272,292.894
12.845,180.000,68.731,2.694,30.834,0.000,1.319,9.232,292.811
12.856,180.000,68.739,2.682,30.805,0.000,12.843,9.228,304.298
12.866,180.000,68.742,2.668,30.773,0.000,12.936,9.180,304.299
12.877,180.000,68.748,2.655,30.743,0.000,13.028,9.129,304.302
12.888,180.000,68.756,2.642,30.719,0.000,13.118,9.076,304.310
12.898,180.000,68.759,2.630,30.686,0.000,13.207,9.020,304.301
12.909,180.000,68.764,2.618,30.658,0.000,13.295,8.963,304.297
12.920,180.000,68.769,2.606,30.631,0.000,13.381,8.903,304.290
12.930,180.000,68.775,2.595,30.605,0.000,13.466,8.824,304.265
12.941,180.000,64.879,1.569,30.574,0.000,0.450,4.346,281.818
12.951,180.000,64.953,1.597,30.587,0.000,0.141,4.157,281.435
12.962,180.000,65.024,1.607,30.569,0.000,0.154,4.018,281.372
12.973,180.000,65.099,1.611,30.548,0.000,0.437,3.885,281.581
12.983,180.000,65.162,1.631,30.555,0.000,0.712,3.768,281.828
12.994,180.000,65.227,1.640,30.499,0.000,0.977,3.653,281.996
13.005,180.000,65.289,1.649,30.476,0.000,1.231,3.545,282.190
13.015,180.000,65.349,1.659,30.444,0.000,1.475,3.460,282.386
13.026,180.000,65.407,1.669,30.408,0.000,1.711,3.364,282.560
13.037,180.000,65.461,1.676,30.408,0.000,1.937,3.274,282.755
13.047,180.000,65.514,1.684,30.391,0.000,2.155,3.188,282.931
13.058,180.000,65.565,1.692,30.373,0.000,2.364,3.108,283.103
13.068,180.000,65.614,1.700,30.366,0.000,2.566,3.033,283.279
13.079,180.000,65.662,1.708,30.340,0.000,2.760,2.962,283.431
13.090,180.000,65.708,1.715,30.324,0.000,2.947,2.895,283.589
13.100,180.000,65.754,1.723,30.297,0.000,3.127,2.833,283.735
13.111,180.000,65.795,1.730,30.292,0.000,3.300,2.776,283.892
13.122,180.000,65.837,1.737,30.276,0.000,3.466,2.722,284.038
13.132,180.000,65.876,1.743,30.261,0.000,3.626,2.673,284.179
13.143,180.000,65.915,1.750,30.246,0.000,3.780,2.627,284.317
13.154,180.000,65.953,1.756,30.218,0.000,3.928,2.584,284.440
13.164,180.000,65.988,1.763,30.216,0.000,4.070,2.545,284.582
13.175,180.000,66.022,1.769,30.202,0.000,4.207,2.509,284.709
13.186,180.000,66.058,1.776,30.192,0.000,4.339,2.477,284.841
13.197,180.000,66.087,1.781,30.177,0.000,4.465,2.447,284.957
13.207,180.000,66.119,1.787,30.160,0.000,4.586,2.420,285.072
13.218,180.000,66.148,1.792,30.147,0.000,4.703,2.396,285.187
13.229,180.000,66.177,1.798,30.134,0.000,4.815,2.375,285.299
13.239,180.000,66.205,1.803,30.121,0.000,4.923,2.356,285.408
13.250,180.000,66.231,1.808,30.108,0.000,5.026,2.341,285.515
13.261,180.000,66.257,1.814,30.096,0.000,5.125,2.327,285.618
13.272,180.000,66.282,1.819,30.084,0.000,5.220,2.316,285.720
13.282,180.000,66.303,1.822,30.031,0.000,5.311,2.308,285.774
13.293,180.000,66.330,1.829,30.078,0.000,5.398,2.274,285.909
13.304,180.000,66.341,1.830,29.979,0.000,5.484,2.132,285.766
13.315,180.000,66.382,1.840,30.095,0.000,5.565,2.141,286.023
13.326,180.000,66.396,1.843,30.056,0.000,5.641,2.135,286.071
13.336,180.000,66.409,1.846,30.006,0.000,5.713,2.140,286.114
13.347,180.000,66.431,1.851,30.003,0.000,5.783,2.144,286.211
13.358,180.000,66.450,1.854,29.987,0.000,5.849,6.774,290.914
13.368,118.315,43.606,1.205,29.977,0.000,3.617,1.559,198.278
13.379,112.995,41.603,1.090,29.971,0.000,3.444,1.484,190.586
13.390,110.858,40.821,1.069,29.960,0.000,3.402,1.451,187.562
13.400,108.782,40.062,1.049,29.950,0.000,3.361,1.419,184.623
13.411,106.743,39.316,1.029,29.939,0.000,3.320,1.387,181.735
13.422,104.740,38.583,1.010,29.929,0.000,3.278,1.357,178.897
13.432,102.773,37.862,0.991,29.920,0.000,3.236,1.332,176.113
13.443,100.840,37.154,0.972,29.910,0.000,3.194,1.307,173.377
13.454,98.941,36.459,0.954,29.900,0.000,3.151,1.283,170.688
13.465,97.075,35.775,0.936,29.891,0.000,3.109,1.259,168.045
13.475,95.243,35.103,0.918,29.882,0.000,3.066,1.236,165.447
13.486,93.443,34.443,0.901,29.873,0.000,3.023,1.213,162.895
13.497,91.677,33.796,0.884,29.863,0.000,2.980,1.190,160.389
13.508,89.938,33.158,0.867,29.855,0.000,2.937,1.167,157.923
13.519,88.216,32.533,0.853,29.887,0.000,2.895,1.145,155.529
13.529,86.427,31.881,0.838,29.922,0.000,2.849,1.120,153.038
13.540,84.638,31.229,0.821,29.953,0.000,2.802,1.094,150.537
13.551,82.893,30.593,0.805,29.982,0.000,2.756,1.068,148.098
13.562,81.190,29.973,0.790,30.009,0.000,2.710,1.042,145.713
13.573,79.513,29.361,0.775,30.033,0.000,2.665,1.012,143.358
13.583,77.837,28.750,0.759,30.055,0.000,2.618,1.002,141.021
13.594,76.246,28.170,0.745,30.073,0.000,2.575,0.943,138.751
13.605,74.627,27.579,0.729,30.092,0.000,2.529,0.927,136.483
13.615,73.081,27.014,0.715,30.106,0.000,2.485,0.925,134.327
13.626,71.581,26.467,0.702,30.122,0.000,2.443,0.856,132.171
13.637,70.116,25.933,0.689,30.134,0.000,2.401,0.778,130.052
13.648,78.765,28.617,0.643,26.855,0.000,2.642,0.814,138.335
13.658,69.562,25.684,0.686,29.740,0.000,2.396,0.712,128.780
13.669,67.419,24.881,0.649,29.736,0.000,2.322,0.687,125.693
13.680,66.117,24.401,0.636,29.729,0.000,2.283,0.673,123.839
13.691,64.840,23.932,0.624,29.723,0.000,2.245,0.660,122.023
13.701,63.593,23.473,0.612,29.717,0.000,2.207,0.647,120.249
13.712,62.364,23.021,0.600,29.712,0.000,2.170,0.634,118.500
13.723,61.168,22.580,0.588,29.705,0.000,2.133,0.622,116.797
13.734,59.984,22.145,0.577,29.701,0.000,2.096,0.611,115.114
13.744,58.832,21.720,0.566,29.694,0.000,2.060,0.599,113.471
13.755,57.692,21.300,0.555,29.689,0.000,2.025,0.588,111.849
13.765,56.582,20.891,0.544,29.683,0.000,1.990,0.577,110.267
13.776,55.484,20.487,0.533,29.679,0.000,1.955,0.566,108.705
13.787,54.415,20.092,0.523,29.672,0.000,1.921,0.555,107.179
13.798,53.362,19.705,0.513,29.667,0.000,1.887,0.545,105.679
13.808,52.328,19.324,0.503,29.662,0.000,1.854,0.535,104.205
13.819,51.317,18.951,0.493,29.657,0.000,1.821,0.525,102.764
13.830,50.321,18.584,0.483,29.652,0.000,1.789,0.515,101.344
13.840,49.349,18.225,0.474,29.647,0.000,1.757,0.505,99.957
13.851,48.392,17.872,0.465,29.642,0.000,1.726,0.496,98.593
13.862,47.455,17.527,0.456,29.637,0.000,1.695,0.487,97.256
13.872,46.534,17.187,0.447,29.632,0.000,1.665,0.477,95.942
13.883,45.615,16.850,0.438,29.630,0.000,1.634,0.468,94.636
13.894,44.700,16.514,0.430,29.629,0.000,1.604,0.460,93.336
13.904,43.791,16.180,0.422,29.626,0.000,1.574,0.450,92.043
13.915,42.948,15.869,0.414,29.620,0.000,1.546,0.442,90.839
13.926,42.146,15.571,0.405,29.614,0.000,1.518,0.434,89.689
13.937,41.319,15.265,0.397,29.610,0.000,1.490,0.426,88.507
13.947,40.548,14.981,0.390,29.604,0.000,1.464,0.418,87.405
13.958,39.724,14.677,0.382,29.602,0.000,1.436,0.410,86.231
13.969,38.981,14.402,0.375,29.597,0.000,1.411,0.403,85.168
13.979,38.187,14.110,0.367,29.594,0.000,1.384,0.395,84.037
13.990,37.459,13.841,0.360,29.589,0.000,1.359,0.388,82.995
14.001,36.732,13.573,0.353,29.586,0.000,1.334,0.380,81.958
14.011,35.998,13.303,0.346,29.582,0.000,1.309,0.373,80.911
14.022,35.288,13.041,0.339,29.579,0.000,1.284,0.366,79.898
14.033,34.597,12.786,0.333,29.576,0.000,1.260,0.359,78.911
14.043,33.920,12.536,0.326,29.572,0.000,1.237,0.353,77.944
14.054,33.263,12.293,0.320,29.569,0.000,1.214,0.346,77.003
14.065,32.609,12.051,0.313,29.567,0.000,1.191,0.340,76.069
14.076,31.952,11.810,0.307,29.563,0.000,1.168,0.333,75.133
14.086,31.361,11.589,0.301,29.558,0.000,1.147,0.328,74.283
14.097,30.750,11.364,0.295,29.554,0.000,1.125,0.322,73.410
14.108,30.156,11.144,0.289,29.552,0.000,1.104,0.316,72.560
14.119,29.551,10.922,0.284,29.548,0.000,1.083,0.309,71.697
14.130,28.980,10.711,0.278,29.546,0.000,1.063,0.304,70.882
14.140,28.390,10.494,0.273,29.544,0.000,1.042,0.298,70.040
14.151,27.828,10.286,0.267,29.542,0.000,1.022,0.292,69.238
14.162,27.280,10.084,0.262,29.539,0.000,1.003,0.287,68.454
14.173,26.745,9.886,0.257,29.536,0.000,0.984,0.282,67.689
14.183,26.219,9.692,0.252,29.533,0.000,0.965,0.277,66.939
14.194,25.701,9.501,0.247,29.530,0.000,0.947,0.271,66.197
14.205,25.203,9.317,0.242,29.527,0.000,0.929,0.267,65.485
14.216,24.678,9.124,0.237,29.526,0.000,0.910,0.261,64.737
14.227,24.227,8.956,0.233,29.523,0.000,0.894,0.257,64.090
14.237,23.710,8.767,0.228,29.522,0.000,0.876,0.252,63.355
14.248,23.260,8.600,0.224,29.518,0.000,0.860,0.248,62.710
14.259,22.784,8.425,0.219,29.517,0.000,0.843,0.243,62.031
14.270,22.351,8.264,0.215,29.514,0.000,0.827,0.238,61.409
14.281,21.926,8.106,0.211,29.512,0.000,0.811,0.234,60.800
14.291,21.497,7.947,0.206,29.509,0.000,0.796,0.230,60.184
14.302,21.073,7.791,0.203,29.508,0.000,0.780,0.226,59.580
14.313,20.657,7.637,0.198,29.504,0.000,0.765,0.222,58.982
14.324,20.245,7.485,0.194,29.503,0.000,0.751,0.217,58.396
14.334,19.845,7.337,0.190,29.501,0.000,0.736,0.213,57.823
14.345,19.458,7.194,0.187,29.497,0.000,0.722,0.210,57.268
14.355,19.053,7.045,0.183,29.498,0.000,0.707,0.206,56.692
14.366,18.704,6.916,0.180,29.495,0.000,0.695,0.203,56.192
14.377,18.299,6.768,0.176,29.494,0.000,0.680,0.198,55.616
14.388,17.935,6.633,0.172,29.492,0.000,0.667,0.195,55.095
14.399,17.614,6.513,0.169,29.489,0.000,0.655,0.192,54.632
14.409,17.239,6.376,0.166,29.487,0.000,0.642,0.188,54.097
14.420,16.901,6.250,0.162,29.486,0.000,0.629,0.185,53.613
14.431,16.586,6.133,0.159,29.485,0.000,0.618,0.183,53.164
14.442,16.265,6.014,0.156,29.484,0.000,0.606,0.182,52.706
14.452,15.946,5.896,0.153,29.481,0.000,0.594,0.180,52.250
14.463,15.598,5.769,0.150,29.478,0.000,0.582,0.177,51.754
14.474,15.298,5.658,0.147,29.477,0.000,0.570,0.175,51.325
14.484,15.014,5.552,0.144,29.477,0.000,0.560,0.174,50.920
14.495,14.719,5.443,0.141,29.476,0.000,0.549,0.172,50.500
14.506,14.434,5.337,0.138,29.470,0.000,0.538,0.171,50.089
14.517,14.145,5.230,0.136,29.472,0.000,0.528,0.169,49.680
14.528,13.837,5.118,0.133,29.472,0.000,0.517,0.167,49.243
14.538,13.588,5.025,0.130,29.469,0.000,0.507,0.165,48.885
14.549,13.326,4.928,0.128,29.466,0.000,0.498,0.164,48.510
14.560,13.029,4.819,0.125,29.465,0.000,0.487,0.162,48.086
14.570,12.779,4.727,0.123,29.464,0.000,0.478,0.160,47.731
14.581,12.544,4.639,0.120,29.464,0.000,0.469,0.159,47.395
14.592,12.296,4.547,0.118,29.463,0.000,0.460,0.157,47.041
14.603,12.056,4.458,0.116,29.459,0.000,0.451,0.156,46.695
14.614,11.818,4.370,0.114,29.460,0.000,0.442,0.155,46.358
14.624,11.556,4.274,0.111,29.459,0.000,0.433,0.153,45.985
14.635,11.348,4.197,0.109,29.458,0.000,0.425,0.151,45.688
14.646,11.129,4.116,0.106,29.455,0.000,0.417,0.150,45.372
14.656,10.900,4.030,0.104,29.456,0.000,0.408,0.148,45.047
14.667,10.689,3.953,0.102,29.454,0.000,0.400,0.147,44.745
14.677,10.482,3.876,0.100,29.455,0.000,0.393,0.146,44.452
14.688,10.269,3.798,0.098,29.452,0.000,0.385,0.144,44.146
14.699,10.064,3.722,0.096,29.451,0.000,0.377,0.143,43.854
14.710,9.863,3.647,0.094,29.449,0.000,0.370,0.142,43.566
14.720,9.661,3.573,0.093,29.450,0.000,0.362,0.141,43.280
14.731,9.472,3.503,0.091,29.449,0.000,0.355,0.139,43.010
14.742,9.287,3.435,0.089,29.447,0.000,0.348,0.138,42.745
14.752,9.104,3.367,0.087,29.446,0.000,0.341,0.137,42.483
14.763,8.930,3.302,0.085,29.446,0.000,0.335,0.136,42.235
14.774,8.746,3.234,0.083,29.446,0.000,0.328,0.135,41.973
14.784,8.562,3.168,0.082,29.443,0.000,0.322,0.134,41.711
14.795,8.413,3.110,0.080,29.443,0.000,0.315,0.133,41.495
14.806,8.246,3.049,0.079,29.443,0.000,0.309,0.132,41.257
14.816,8.086,2.990,0.077,29.443,0.000,0.303,0.131,41.031
14.827,7.913,2.927,0.076,29.437,0.000,0.297,0.129,40.779
14.838,7.776,2.874,0.074,29.437,0.000,0.292,0.129,40.582
14.849,7.594,2.808,0.073,29.440,0.000,0.285,0.128,40.327
14.859,7.462,2.759,0.071,29.440,0.000,0.280,0.127,40.139
14.870,7.318,2.706,0.070,29.438,0.000,0.275,0.126,39.933
14.881,7.159,2.647,0.068,29.437,0.000,0.269,0.125,39.704
14.892,7.001,2.590,0.067,29.439,0.000,0.263,0.124,39.485
14.903,6.886,2.546,0.066,29.438,0.000,0.259,0.123,39.318
14.913,6.747,2.495,0.064,29.436,0.000,0.253,0.122,39.119
14.924,6.617,2.447,0.063,29.436,0.000,0.249,0.122,38.933
14.935,6.481,2.397,0.062,29.430,0.000,0.244,0.121,38.734
14.946,6.339,2.344,0.060,29.434,0.000,0.238,0.120,38.535
14.956,6.206,2.296,0.059,29.435,0.000,0.234,0.119,38.350
14.967,6.086,2.251,0.058,29.434,0.000,0.229,0.119,38.177
14.978,5.974,2.210,0.057,29.430,0.000,0.225,0.117,38.013
14.989,5.869,2.170,0.056,29.431,0.000,0.221,0.117,37.864
14.999,5.743,2.124,0.055,29.429,0.000,0.216,0.116,37.683
15.010,5.626,2.081,0.054,29.428,0.000,0.212,0.115,37.516
15.021,5.508,2.038,0.053,29.429,0.000,0.207,0.114,37.349
15.032,5.401,1.998,0.052,29.428,0.000,0.203,0.114,37.195
15.042,5.295,1.958,0.051,29.427,0.000,0.199,0.113,37.043
15.053,5.194,1.921,0.050,29.427,0.000,0.195,0.112,36.899
15.064,5.090,1.882,0.048,29.428,0.000,0.191,0.112,36.751
15.075,4.970,1.839,0.048,29.426,0.000,0.187,0.111,36.580
15.085,4.908,1.813,0.047,29.425,0.000,0.184,0.111,36.488
15.096,4.793,1.773,0.046,29.423,0.000,0.180,0.109,36.324
15.107,4.713,1.742,0.045,29.424,0.000,0.177,0.109,36.210
15.117,4.607,1.704,0.044,29.425,0.000,0.173,0.108,36.061
15.128,4.489,1.662,0.043,29.421,0.000,0.169,0.107,35.891
15.138,4.432,1.639,0.042,29.419,0.000,0.167,0.108,35.807
15.149,4.316,1.597,0.041,29.420,0.000,0.163,0.107,35.645
15.160,4.256,1.573,0.041,29.421,0.000,0.160,0.107,35.557
15.171,4.146,1.535,0.040,29.419,0.000,0.156,0.105,35.402
15.181,4.080,1.509,0.039,29.420,0.000,0.154,0.105,35.307
15.192,4.002,1.481,0.038,29.420,0.000,0.151,0.105,35.196
15.203,3.918,1.449,0.037,29.419,0.000,0.148,0.104,35.075
15.214,3.829,1.417,0.036,29.420,0.000,0.145,0.103,34.951
15.224,3.752,1.389,0.036,29.421,0.000,0.142,0.103,34.843
15.235,3.694,1.365,0.035,29.419,0.000,0.139,0.103,34.755
15.246,3.603,1.333,0.034,29.423,0.000,0.136,0.102,34.631
15.256,3.536,1.309,0.034,29.417,0.000,0.134,0.102,34.531
15.267,3.487,1.289,0.033,29.418,0.000,0.131,0.102,34.459
15.278,3.412,1.262,0.033,29.420,0.000,0.129,0.101,34.356
15.288,3.337,1.234,0.032,29.418,0.000,0.126,0.100,34.247
15.299,3.279,1.213,0.031,29.419,0.000,0.124,0.100,34.166
15.310,3.207,1.186,0.030,29.415,0.000,0.121,0.099,34.059
15.320,3.138,1.160,0.030,29.417,0.000,0.118,0.099,33.962
15.331,3.078,1.138,0.029,29.417,0.000,0.116,0.098,33.877
15.342,3.025,1.119,0.029,29.417,0.000,0.114,0.098,33.803
15.352,2.962,1.096,0.028,29.414,0.000,0.112,0.098,33.710
15.363,2.899,1.072,0.028,29.414,0.000,0.109,0.097,33.619
15.374,2.853,1.056,0.028,29.415,0.000,0.108,0.099,33.559
15.384,2.778,1.028,0.027,29.415,0.000,0.105,0.100,33.453
15.395,2.726,1.008,0.026,29.414,0.000,0.103,0.098,33.376
15.406,2.676,0.990,0.026,29.414,0.000,0.101,0.097,33.304
15.416,2.623,0.969,0.025,29.415,0.000,0.099,0.096,33.227
15.427,2.548,0.944,0.025,29.415,0.000,0.096,0.095,33.124
15.438,2.534,0.936,0.024,29.413,0.000,0.095,0.096,33.098
15.449,2.452,0.908,0.024,29.417,0.000,0.093,0.095,32.988
15.459,2.415,0.893,0.023,29.414,0.000,0.091,0.095,32.930
15.470,2.368,0.877,0.023,29.411,0.000,0.090,0.094,32.863
15.481,2.337,0.863,0.022,29.413,0.000,0.088,0.094,32.817
15.491,2.282,0.844,0.022,29.414,0.000,0.086,0.094,32.742
15.502,2.231,0.825,0.021,29.415,0.000,0.084,0.093,32.670
15.513,2.191,0.811,0.021,29.414,0.000,0.083,0.093,32.612
15.523,2.145,0.793,0.020,29.411,0.000,0.081,0.093,32.543
15.534,2.104,0.778,0.020,29.413,0.000,0.079,0.092,32.488
15.545,2.065,0.764,0.020,29.411,0.000,0.078,0.092,32.430
15.556,2.009,0.743,0.019,29.412,0.000,0.076,0.092,32.352
15.566,1.979,0.732,0.019,29.413,0.000,0.075,0.091,32.308
15.577,1.946,0.720,0.019,29.413,0.000,0.073,0.091,32.262
15.588,1.901,0.703,0.018,29.410,0.000,0.072,0.091,32.195
15.599,1.859,0.688,0.018,29.410,0.000,0.070,0.090,32.136
15.610,1.819,0.673,0.017,29.410,0.000,0.069,0.090,32.078
15.620,1.786,0.661,0.017,29.409,0.000,0.067,0.090,32.030
15.631,1.744,0.644,0.016,29.409,0.000,0.066,0.064,31.943
15.642,1.720,0.636,0.016,29.408,0.000,0.065,0.093,31.938
15.653,1.673,0.619,0.016,29.411,0.000,0.063,0.091,31.873
15.664,1.649,0.610,0.016,29.408,0.000,0.062,0.090,31.836
15.674,1.627,0.601,0.015,29.408,0.000,0.061,0.090,31.802
15.685,1.590,0.588,0.015,29.411,0.000,0.060,0.089,31.753
15.696,1.554,0.575,0.015,29.410,0.000,0.059,0.089,31.701
15.707,1.529,0.566,0.015,29.410,0.000,0.058,0.089,31.666
15.717,1.491,0.552,0.014,29.408,0.000,0.056,0.088,31.610
15.728,1.464,0.541,0.014,29.407,0.000,0.055,0.088,31.570
15.739,1.432,0.530,0.014,29.407,0.000,0.054,0.088,31.525
15.750,1.404,0.519,0.013,29.407,0.000,0.053,0.087,31.484
15.760,1.374,0.509,0.013,29.407,0.000,0.052,0.087,31.443
15.771,1.360,0.503,0.013,29.406,0.000,0.051,0.089,31.423
15.782,1.328,0.491,0.013,29.404,0.000,0.050,0.089,31.375
15.793,1.287,0.476,0.012,29.406,0.000,0.049,0.088,31.318
15.804,1.268,0.470,0.012,29.407,0.000,0.048,0.088,31.292
15.814,1.233,0.457,0.012,29.405,0.000,0.047,0.087,31.240
15.825,1.211,0.448,0.012,29.404,0.000,0.046,0.087,31.207
15.836,1.190,0.441,0.011,29.403,0.000,0.045,0.086,31.177
15.847,1.180,0.436,0.011,29.405,0.000,0.045,0.086,31.164
15.857,1.137,0.421,0.011,29.403,0.000,0.043,0.086,31.102
15.868,1.137,0.420,0.011,29.403,0.000,0.043,0.086,31.100
15.879,1.088,0.403,0.011,29.403,0.000,0.041,0.086,31.032
15.890,1.082,0.400,0.010,29.404,0.000,0.041,0.086,31.023
15.900,1.062,0.393,0.010,29.405,0.000,0.040,0.085,30.996
15.911,1.037,0.383,0.010,29.406,0.000,0.039,0.085,30.960
15.922,1.004,0.372,0.010,29.410,0.000,0.038,0.085,30.918
15.932,0.983,0.364,0.009,29.409,0.000,0.037,0.085,30.888
15.943,0.973,0.360,0.009,29.406,0.000,0.037,0.085,30.870
15.954,0.966,0.357,0.009,29.406,0.000,0.036,0.085,30.860
15.965,0.942,0.348,0.009,29.404,0.000,0.036,0.085,30.824
15.975,0.921,0.341,0.009,29.404,0.000,0.035,0.084,30.794
15.986,0.911,0.337,0.009,29.405,0.000,0.034,0.086,30.783
15.997,0.884,0.327,0.008,29.404,0.000,0.033,0.086,30.742
16.008,0.864,0.320,0.008,29.404,0.000,0.033,0.085,30.714
16.018,0.848,0.314,0.008,29.404,0.000,0.032,0.085,30.690
16.029,0.826,0.306,0.008,29.404,0.000,0.031,0.084,30.659
16.040,0.815,0.301,0.008,29.405,0.000,0.031,0.084,30.644
16.050,0.788,0.292,0.007,29.403,0.000,0.030,0.083,30.604
16.061,0.780,0.289,0.008,29.404,0.000,0.030,0.083,30.594
16.072,0.756,0.280,0.007,29.402,0.000,0.029,0.083,30.558
16.083,0.744,0.276,0.007,29.401,0.000,0.028,0.083,30.539
16.094,0.743,0.276,0.007,29.406,0.000,0.028,0.084,30.546
16.104,0.731,0.269,0.007,29.404,0.000,0.027,0.085,30.523
16.115,0.695,0.257,0.007,29.407,0.000,0.026,0.084,30.477
16.126,0.698,0.258,0.007,29.406,0.000,0.026,0.084,30.479
16.137,0.668,0.247,0.006,29.407,0.000,0.025,0.084,30.437
16.147,0.669,0.248,0.007,29.406,0.000,0.025,0.083,30.439
16.158,0.652,0.241,0.006,29.404,0.000,0.024,0.083,30.410
16.169,0.643,0.238,0.006,29.407,0.000,0.024,0.083,30.401
16.180,0.627,0.232,0.006,29.401,0.000,0.024,0.082,30.372
16.190,0.625,0.230,0.006,29.404,0.000,0.023,0.083,30.370
16.201,0.589,0.218,0.006,29.406,0.000,0.022,0.082,30.325
16.212,0.593,0.219,0.006,29.406,0.000,0.022,0.083,30.329
16.223,0.580,0.215,0.006,29.405,0.000,0.022,0.082,30.310
16.234,0.570,0.210,0.005,29.402,0.000,0.021,0.082,30.292
16.244,0.541,0.200,0.005,29.406,0.000,0.020,0.082,30.255
16.255,0.547,0.203,0.005,29.406,0.000,0.021,0.082,30.264
16.266,0.532,0.197,0.005,29.404,0.000,0.020,0.082,30.239
16.276,0.523,0.193,0.005,29.406,0.000,0.020,0.082,30.229
16.287,0.516,0.192,0.005,29.405,0.000,0.020,0.082,30.219
16.298,0.500,0.185,0.005,29.403,0.000,0.019,0.081,30.193
16.309,0.480,0.178,0.004,29.404,0.000,0.018,0.017,30.102
16.319,0.490,0.181,0.005,29.405,0.000,0.019,0.084,30.183
16.330,0.471,0.175,0.004,29.402,0.000,0.018,0.083,30.153
16.341,0.462,0.171,0.004,29.402,0.000,0.018,0.082,30.139
16.351,0.445,0.165,0.004,29.403,0.000,0.017,0.081,30.117
16.362,0.440,0.163,0.004,29.403,0.000,0.017,0.081,30.108
16.373,0.440,0.163,0.004,29.402,0.000,0.017,0.081,30.107
16.383,0.419,0.155,0.003,29.401,0.000,0.016,0.015,30.009
16.394,0.410,0.152,0.004,29.405,0.000,0.015,0.083,30.069
16.405,0.409,0.152,0.004,29.402,0.000,0.016,0.082,30.064
16.415,0.408,0.150,0.004,29.403,0.000,0.015,0.082,30.061
16.426,0.398,0.147,0.004,29.405,0.000,0.015,0.081,30.050
16.437,0.388,0.143,0.004,29.405,0.000,0.015,0.081,30.036
16.448,0.373,0.138,0.004,29.404,0.000,0.014,0.081,30.014
16.458,0.379,0.140,0.004,29.404,0.000,0.014,0.081,30.022
16.469,0.367,0.136,0.004,29.402,0.000,0.014,0.081,30.002
16.480,0.350,0.129,0.004,29.403,0.000,0.013,0.012,29.912
16.490,0.358,0.132,0.004,29.399,0.000,0.014,0.083,29.988
16.501,0.353,0.130,0.003,29.398,0.000,0.013,0.082,29.981
16.512,0.321,0.119,0.003,29.400,0.000,0.012,0.081,29.937
16.522,0.326,0.121,0.003,29.401,0.000,0.012,0.081,29.944
16.533,0.325,0.120,0.003,29.402,0.000,0.012,0.081,29.943
16.544,0.316,0.117,0.003,29.401,0.000,0.012,0.081,29.930
16.555,0.307,0.114,0.003,29.401,0.000,0.012,0.080,29.917
16.565,0.285,0.106,0.003,29.402,0.000,0.011,0.010,29.817
16.576,0.293,0.109,0.003,29.402,0.000,0.011,0.082,29.899
16.587,0.289,0.107,0.003,29.401,0.000,0.011,0.081,29.892
16.597,0.291,0.107,0.003,29.401,0.000,0.011,0.081,29.894
16.608,0.277,0.102,0.002,29.403,0.000,0.010,0.080,29.875
16.619,0.268,0.100,0.003,29.400,0.000,0.010,0.080,29.862
16.629,0.281,0.103,0.002,29.401,0.000,0.010,0.081,29.878
16.640,0.267,0.098,0.002,29.405,0.000,0.010,0.080,29.862
16.650,0.259,0.096,0.002,29.401,0.000,0.010,0.080,29.848
16.661,0.261,0.096,0.002,29.404,0.000,0.010,0.080,29.852
16.672,0.250,0.093,0.003,29.404,0.000,0.010,0.080,29.839
16.683,0.240,0.088,0.002,29.402,0.000,0.009,0.080,29.821
16.693,0.240,0.089,0.002,29.403,0.000,0.009,0.080,29.824
16.704,0.235,0.087,0.002,29.403,0.000,0.009,0.081,29.817
16.715,0.223,0.083,0.002,29.402,0.000,0.008,0.081,29.798
16.726,0.232,0.086,0.002,29.403,0.000,0.009,0.081,29.812
16.736,0.223,0.082,0.002,29.401,0.000,0.008,0.080,29.797
16.747,0.207,0.077,0.002,29.398,0.000,0.008,0.080,29.773
16.758,0.219,0.080,0.002,29.401,0.000,0.008,0.080,29.791
16.769,0.191,0.071,0.002,29.399,0.000,0.007,0.080,29.750
16.779,0.205,0.077,0.002,29.402,0.000,0.008,0.080,29.775
16.790,0.199,0.074,0.002,29.401,0.000,0.008,0.081,29.764
16.801,0.195,0.072,0.002,29.401,0.000,0.007,0.080,29.757
16.811,0.191,0.071,0.002,29.402,0.000,0.007,0.080,29.753
16.822,0.190,0.070,0.002,29.401,0.000,0.007,0.080,29.750
16.833,0.184,0.068,0.002,29.400,0.000,0.007,0.080,29.739
16.843,0.171,0.063,0.001,29.400,0.000,0.006,0.006,29.648
16.854,0.172,0.064,0.002,29.401,0.000,0.007,0.081,29.726
16.865,0.165,0.061,0.002,29.401,0.000,0.006,0.080,29.715
16.876,0.170,0.063,0.002,29.398,0.000,0.006,0.080,29.720
16.887,0.160,0.059,0.002,29.401,0.000,0.006,0.080,29.707
16.897,0.155,0.058,0.002,29.403,0.000,0.006,0.079,29.703
16.908,0.138,0.052,0.002,29.399,0.000,0.005,0.079,29.675
16.919,0.170,0.062,0.002,29.400,0.000,0.006,0.080,29.719
16.929,0.137,0.051,0.001,29.398,0.000,0.005,0.079,29.672
16.940,0.144,0.054,0.001,29.398,0.000,0.006,0.079,29.682
16.951,0.154,0.056,0.001,29.400,0.000,0.006,0.079,29.696
16.961,0.127,0.048,0.001,29.399,0.000,0.005,0.079,29.658
16.972,0.146,0.054,0.002,29.400,0.000,0.006,0.080,29.687
16.983,0.139,0.052,0.001,29.400,0.000,0.005,0.080,29.678
